file,model,task,config,retained_tuples,sampled,valid_n,valid,valid_lo,valid_hi,domain_n,domain,domain_lo,domain_hi,out_of_domain_n,out_of_domain,out_of_domain_lo,out_of_domain_hi,geo_n,geo,geo_lo,geo_hi,no_opinion_n,no_opinion,no_opinion_lo,no_opinion_hi,aspect_ok_n,aspect_ok,aspect_ok_lo,aspect_ok_hi,sentiment_ok_n,sentiment_ok,sentiment_ok_lo,sentiment_ok_hi,polarity_ok_n,polarity_ok,polarity_ok_lo,polarity_ok_hi,category_ok_n,category_ok,category_ok_lo,category_ok_hi,holder_ok_n,holder_ok,holder_ok_lo,holder_ok_hi,est_valid_tuples,est_domain_tuples,lex_geo
Qwen__Qwen2.5-0.5B-Instruct.full.ssa.json.gz,Qwen/Qwen2.5-0.5B-Instruct,ssa,full,219,100,100,0.16,0.101,0.2442,100,0.63,0.5322,0.7182,100,0.02,0.0055,0.07,100,0.01,0.0018,0.0545,100,0.23,0.1584,0.3215,100,0.77,0.6785,0.8416,100,0.56,0.4623,0.6533,100,0.91,0.8377,0.9519,0,nan,nan,nan,100,0.27,0.1927,0.3643,35,138,0
Qwen__Qwen2.5-0.5B-Instruct.full.asqp.json.gz,Qwen/Qwen2.5-0.5B-Instruct,asqp,full,173,100,100,0.29,0.2101,0.3854,100,0.58,0.4821,0.672,100,0.01,0.0018,0.0545,100,0.0,0,0.037,100,0.32,0.2367,0.4166,100,0.73,0.6357,0.8073,100,0.49,0.3942,0.5865,100,0.91,0.8377,0.9519,100,0.84,0.7558,0.899,0,nan,nan,nan,50,100,0
Qwen__Qwen2.5-1.5B-Instruct.full.ssa.json.gz,Qwen/Qwen2.5-1.5B-Instruct,ssa,full,1760,100,100,0.23,0.1584,0.3215,100,0.59,0.492,0.6813,100,0.03,0.0103,0.0845,100,0.0,0,0.037,100,0.32,0.2367,0.4166,100,0.69,0.5937,0.7722,100,0.41,0.3187,0.508,100,0.93,0.8625,0.9657,0,nan,nan,nan,100,0.9,0.8256,0.9448,405,1038,2
Qwen__Qwen2.5-1.5B-Instruct.full.asqp.json.gz,Qwen/Qwen2.5-1.5B-Instruct,asqp,full,1869,100,100,0.29,0.2101,0.3854,100,0.5,0.4038,0.5962,100,0.1,0.0552,0.1744,100,0.02,0.0055,0.07,100,0.34,0.2546,0.4372,100,0.61,0.512,0.6998,100,0.57,0.4722,0.6627,100,0.91,0.8377,0.9519,100,0.9,0.8256,0.9448,0,nan,nan,nan,542,934,4
Qwen__Qwen2.5-3B-Instruct.full.ssa.json.gz,Qwen/Qwen2.5-3B-Instruct,ssa,full,1909,100,100,0.17,0.1089,0.2555,100,0.67,0.5731,0.7544,100,0.05,0.0215,0.1118,100,0.03,0.0103,0.0845,100,0.18,0.117,0.2667,100,0.77,0.6785,0.8416,100,0.7,0.6041,0.7811,100,0.94,0.8752,0.9722,0,nan,nan,nan,100,0.38,0.291,0.4779,325,1279,0
Qwen__Qwen2.5-3B-Instruct.full.asqp.json.gz,Qwen/Qwen2.5-3B-Instruct,asqp,full,2132,100,100,0.41,0.3187,0.508,100,0.6,0.502,0.6906,100,0.02,0.0055,0.07,100,0.02,0.0055,0.07,100,0.25,0.1755,0.343,100,0.73,0.6357,0.8073,100,0.59,0.492,0.6813,100,0.93,0.8625,0.9657,100,0.95,0.8882,0.9785,0,nan,nan,nan,874,1279,5
Qwen__Qwen2.5-7B-Instruct.full.ssa.json.gz,Qwen/Qwen2.5-7B-Instruct,ssa,full,2546,100,100,0.52,0.4232,0.6154,100,0.81,0.7222,0.8749,100,0.04,0.0157,0.0984,100,0.03,0.0103,0.0845,100,0.12,0.07,0.1981,100,0.82,0.7333,0.883,100,0.82,0.7333,0.883,100,0.96,0.9016,0.9843,0,nan,nan,nan,100,0.79,0.7002,0.8583,1324,2062,6
Qwen__Qwen2.5-7B-Instruct.full.asqp.json.gz,Qwen/Qwen2.5-7B-Instruct,asqp,full,2642,100,100,0.55,0.4524,0.6439,100,0.79,0.7002,0.8583,100,0.01,0.0018,0.0545,100,0.01,0.0018,0.0545,100,0.08,0.0411,0.15,100,0.77,0.6785,0.8416,100,0.87,0.7902,0.9224,100,0.98,0.93,0.9945,100,0.9,0.8256,0.9448,0,nan,nan,nan,1453,2087,9
unsloth__gemma-3-4b-it.full.ssa.json.gz,unsloth/gemma-3-4b-it,ssa,full,1969,100,100,0.63,0.5322,0.7182,100,0.79,0.7002,0.8583,100,0.03,0.0103,0.0845,100,0.01,0.0018,0.0545,100,0.05,0.0215,0.1118,100,0.78,0.6893,0.85,100,0.88,0.8019,0.93,100,0.96,0.9016,0.9843,0,nan,nan,nan,100,0.94,0.8752,0.9722,1240,1556,3
unsloth__gemma-3-4b-it.full.asqp.json.gz,unsloth/gemma-3-4b-it,asqp,full,1707,100,100,0.39,0.3002,0.488,100,0.63,0.5322,0.7182,100,0.01,0.0018,0.0545,100,0.0,0,0.037,100,0.2,0.1334,0.2888,100,0.67,0.5731,0.7544,100,0.72,0.6251,0.7986,100,0.97,0.9155,0.9897,100,0.91,0.8377,0.9519,0,nan,nan,nan,666,1075,0
unsloth__gemma-3-12b-it.full.ssa.json.gz,unsloth/gemma-3-12b-it,ssa,full,5790,100,100,0.61,0.512,0.6998,100,0.76,0.6677,0.8331,100,0.12,0.07,0.1981,100,0.06,0.0278,0.1248,100,0.08,0.0411,0.15,100,0.76,0.6677,0.8331,100,0.88,0.8019,0.93,100,0.99,0.9455,0.9982,0,nan,nan,nan,100,0.93,0.8625,0.9657,3532,4400,21
unsloth__gemma-3-12b-it.full.asqp.json.gz,unsloth/gemma-3-12b-it,asqp,full,5755,100,100,0.65,0.5525,0.7364,100,0.77,0.6785,0.8416,100,0.04,0.0157,0.0984,100,0.01,0.0018,0.0545,100,0.11,0.0625,0.1863,100,0.82,0.7333,0.883,100,0.85,0.7672,0.9069,100,0.97,0.9155,0.9897,100,0.97,0.9155,0.9897,0,nan,nan,nan,3741,4431,29
Qwen__Qwen3.8-27B.full.ssa.json.gz,Qwen/Qwen3.8-27B,ssa,full,5494,100,100,0.85,0.7672,0.9069,100,0.92,0.85,0.9589,100,0.07,0.0343,0.1375,100,0.02,0.0055,0.07,100,0.02,0.0055,0.07,100,0.88,0.8019,0.93,100,0.97,0.9155,0.9897,100,1.0,0.963,1.0,0,nan,nan,nan,100,0.97,0.9155,0.9897,4670,5054,4
Qwen__Qwen3.8-27B.full.asqp.json.gz,Qwen/Qwen3.8-27B,asqp,full,5774,100,100,0.81,0.7222,0.8749,100,0.89,0.8137,0.9375,100,0.06,0.0278,0.1248,100,0.04,0.0157,0.0984,100,0.01,0.0018,0.0545,100,0.87,0.7902,0.9224,100,0.96,0.9016,0.9843,100,1.0,0.963,1.0,100,0.97,0.9155,0.9897,0,nan,nan,nan,4677,5139,8
google__gemma-4-31B-it.full.ssa.json.gz,google/gemma-4-31B-it,ssa,full,6340,100,100,0.74,0.6463,0.816,100,0.86,0.7786,0.9147,100,0.08,0.0411,0.15,100,0.01,0.0018,0.0545,100,0.02,0.0055,0.07,100,0.86,0.7786,0.9147,100,0.98,0.93,0.9945,100,1.0,0.963,1.0,0,nan,nan,nan,100,0.87,0.7902,0.9224,4692,5452,6
google__gemma-4-31B-it.full.asqp.json.gz,google/gemma-4-31B-it,asqp,full,6423,100,100,0.84,0.7558,0.899,100,0.91,0.8377,0.9519,100,0.03,0.0103,0.0845,100,0.03,0.0103,0.0845,100,0.01,0.0018,0.0545,100,0.86,0.7786,0.9147,100,0.99,0.9455,0.9982,100,1.0,0.963,1.0,100,0.99,0.9455,0.9982,0,nan,nan,nan,5395,5845,11
