item_id,file,doc,tuple_index,verdict,codes
afb7bc66f6e8,Qwen__Qwen2.5-0.5B-Instruct.full.asqp.json.gz,ex_0563,0,INVALIDA,C1 S1
1fe97374fa5c,Qwen__Qwen2.5-0.5B-Instruct.full.asqp.json.gz,ex_0366,0,PARCIAL,C1
5772c51c5c0f,Qwen__Qwen2.5-0.5B-Instruct.full.asqp.json.gz,ex_0205,0,VALIDA,
7e7625ecc2ea,Qwen__Qwen2.5-0.5B-Instruct.full.asqp.json.gz,ex_0781,0,VALIDA,
69e30338d623,Qwen__Qwen2.5-0.5B-Instruct.full.asqp.json.gz,ex_1854,0,INVALIDA,A1 S1
67c46be0ffb5,Qwen__Qwen2.5-0.5B-Instruct.full.asqp.json.gz,ex_1181,0,INVALIDA,A1
e131dbcb89c7,Qwen__Qwen2.5-0.5B-Instruct.full.asqp.json.gz,ex_0989,0,VALIDA,
2db04c8a174e,Qwen__Qwen2.5-0.5B-Instruct.full.asqp.json.gz,ex_0289,0,PARCIAL,S2
dfabec269397,Qwen__Qwen2.5-0.5B-Instruct.full.asqp.json.gz,ex_1202,0,INVALIDA,A1 S1
620efec7df83,Qwen__Qwen2.5-0.5B-Instruct.full.asqp.json.gz,ex_0478,0,INVALIDA,A1 S1
bdc4491cf0e6,Qwen__Qwen2.5-0.5B-Instruct.full.asqp.json.gz,ex_1766,1,PARCIAL,P1
ac91359b937c,Qwen__Qwen2.5-0.5B-Instruct.full.asqp.json.gz,ex_1106,0,PARCIAL,S2
d7c1dc2af63b,Qwen__Qwen2.5-0.5B-Instruct.full.asqp.json.gz,ex_0359,0,VALIDA,
7ce717caef1a,Qwen__Qwen2.5-0.5B-Instruct.full.asqp.json.gz,ex_0331,0,INVALIDA,P1 S1
143b78907bf1,Qwen__Qwen2.5-0.5B-Instruct.full.asqp.json.gz,ex_0538,0,INVALIDA,A1 S1
6653a28fb5ed,Qwen__Qwen2.5-0.5B-Instruct.full.asqp.json.gz,ex_0858,0,INVALIDA,A1 S1
4f878c56948e,Qwen__Qwen2.5-0.5B-Instruct.full.asqp.json.gz,ex_0928,0,INVALIDA,A1
22368df033ce,Qwen__Qwen2.5-0.5B-Instruct.full.asqp.json.gz,ex_1441,0,PARCIAL,P1
f5ebee2d2dbe,Qwen__Qwen2.5-0.5B-Instruct.full.asqp.json.gz,ex_1835,0,VALIDA,
73cba1d4346d,Qwen__Qwen2.5-0.5B-Instruct.full.asqp.json.gz,ex_0232,0,INVALIDA,A1 S1
3a64ea6e37a0,Qwen__Qwen2.5-0.5B-Instruct.full.asqp.json.gz,ex_0232,1,VALIDA,
a82f6b47fc39,Qwen__Qwen2.5-0.5B-Instruct.full.asqp.json.gz,ex_0232,2,INVALIDA,S1
1d850fa9574b,Qwen__Qwen2.5-0.5B-Instruct.full.asqp.json.gz,ex_0232,3,INVALIDA,S1
c12d17cd5e64,Qwen__Qwen2.5-0.5B-Instruct.full.asqp.json.gz,ex_1196,0,PARCIAL,C1
6c9d2d142cd5,Qwen__Qwen2.5-0.5B-Instruct.full.asqp.json.gz,ex_0496,0,INVALIDA,A1 S1
78da39e5768a,Qwen__Qwen2.5-0.5B-Instruct.full.asqp.json.gz,ex_0496,1,VALIDA,
622271e67f92,Qwen__Qwen2.5-0.5B-Instruct.full.asqp.json.gz,ex_1615,0,PARCIAL,C1
8b785d6b0a18,Qwen__Qwen2.5-0.5B-Instruct.full.asqp.json.gz,ex_0315,0,VALIDA,
5fd271573788,Qwen__Qwen2.5-0.5B-Instruct.full.asqp.json.gz,ex_0100,1,PARCIAL,C1
9a02f60b8975,Qwen__Qwen2.5-0.5B-Instruct.full.asqp.json.gz,ex_0177,0,INVALIDA,A1 C1 S2
56c3428c4a8d,Qwen__Qwen2.5-0.5B-Instruct.full.asqp.json.gz,ex_1102,0,VALIDA,
5392947e0140,Qwen__Qwen2.5-0.5B-Instruct.full.asqp.json.gz,ex_0513,0,INVALIDA,C1 S1
e60fff72186c,Qwen__Qwen2.5-0.5B-Instruct.full.asqp.json.gz,ex_0809,0,PARCIAL,S2
d75933605878,Qwen__Qwen2.5-0.5B-Instruct.full.asqp.json.gz,ex_0112,0,PARCIAL,P1 S2
e7e31bf32acc,Qwen__Qwen2.5-0.5B-Instruct.full.asqp.json.gz,ex_0826,0,PARCIAL,C1
afecc415bf43,Qwen__Qwen2.5-0.5B-Instruct.full.asqp.json.gz,ex_1311,0,PARCIAL,C1 P1
14d24a0b00a9,Qwen__Qwen2.5-0.5B-Instruct.full.asqp.json.gz,ex_1311,1,VALIDA,
09e2db402540,Qwen__Qwen2.5-0.5B-Instruct.full.asqp.json.gz,ex_1311,2,VALIDA,
595e488c9262,Qwen__Qwen2.5-0.5B-Instruct.full.asqp.json.gz,ex_0964,0,INVALIDA,A1 C1 S1
b68e53584a6d,Qwen__Qwen2.5-0.5B-Instruct.full.asqp.json.gz,ex_0512,1,PARCIAL,S2
0f230ec931dd,Qwen__Qwen2.5-0.5B-Instruct.full.asqp.json.gz,ex_0316,0,VALIDA,
2e6c02acdcaa,Qwen__Qwen2.5-0.5B-Instruct.full.asqp.json.gz,ex_1282,0,PARCIAL,S2
d5884b01f98f,Qwen__Qwen2.5-0.5B-Instruct.full.asqp.json.gz,ex_1625,0,INVALIDA,A4 S1
68283f5666b0,Qwen__Qwen2.5-0.5B-Instruct.full.asqp.json.gz,ex_1056,0,VALIDA,
e8a064db5311,Qwen__Qwen2.5-0.5B-Instruct.full.asqp.json.gz,ex_0049,0,PARCIAL,S2
bc336db7fd3e,Qwen__Qwen2.5-0.5B-Instruct.full.asqp.json.gz,ex_0837,0,PARCIAL,S2
f7020bd636b8,Qwen__Qwen2.5-0.5B-Instruct.full.asqp.json.gz,ex_1755,0,INVALIDA,P1 S1
72eeba70227a,Qwen__Qwen2.5-0.5B-Instruct.full.asqp.json.gz,ex_0210,0,VALIDA,
ecdb6015fb6c,Qwen__Qwen2.5-0.5B-Instruct.full.asqp.json.gz,ex_0892,0,PARCIAL,A4
fcff15e41e98,Qwen__Qwen2.5-0.5B-Instruct.full.asqp.json.gz,ex_0379,0,PARCIAL,C1
55711d870b9e,Qwen__Qwen2.5-0.5B-Instruct.full.asqp.json.gz,ex_1740,2,INVALIDA,A3 S1
66c0b66fa826,Qwen__Qwen2.5-0.5B-Instruct.full.asqp.json.gz,ex_1378,0,INVALIDA,S1
7acdd983b4f4,Qwen__Qwen2.5-0.5B-Instruct.full.asqp.json.gz,ex_0159,0,PARCIAL,P1 S2
aaf8c96adf1b,Qwen__Qwen2.5-0.5B-Instruct.full.asqp.json.gz,ex_0942,0,INVALIDA,S1
74a2ce444223,Qwen__Qwen2.5-0.5B-Instruct.full.asqp.json.gz,ex_1419,0,INVALIDA,S1
282ca6a74d34,Qwen__Qwen2.5-0.5B-Instruct.full.asqp.json.gz,ex_1101,0,PARCIAL,P1 S2
2e44101db42b,Qwen__Qwen2.5-0.5B-Instruct.full.asqp.json.gz,ex_0991,0,INVALIDA,A1 S2
7c059e04d085,Qwen__Qwen2.5-0.5B-Instruct.full.asqp.json.gz,ex_0714,0,INVALIDA,S1
c073a1414320,Qwen__Qwen2.5-0.5B-Instruct.full.asqp.json.gz,ex_1446,0,PARCIAL,A4
561b82ebfba6,Qwen__Qwen2.5-0.5B-Instruct.full.asqp.json.gz,ex_0421,0,VALIDA,
7b92e531eacb,Qwen__Qwen2.5-0.5B-Instruct.full.asqp.json.gz,ex_1608,0,PARCIAL,S2
7d86b7b5b3a6,Qwen__Qwen2.5-0.5B-Instruct.full.asqp.json.gz,ex_1608,1,INVALIDA,A1 S1
c9d91dec33d3,Qwen__Qwen2.5-0.5B-Instruct.full.asqp.json.gz,ex_1489,0,INVALIDA,S1
370c7a03d1f5,Qwen__Qwen2.5-0.5B-Instruct.full.asqp.json.gz,ex_0578,0,VALIDA,
6c66cbaf75c8,Qwen__Qwen2.5-0.5B-Instruct.full.asqp.json.gz,ex_1665,0,VALIDA,
aa04d73bfaaa,Qwen__Qwen2.5-0.5B-Instruct.full.asqp.json.gz,ex_1281,0,VALIDA,
94e53a5e96de,Qwen__Qwen2.5-0.5B-Instruct.full.asqp.json.gz,ex_1788,0,PARCIAL,C1 P1 S2
1b12e6d885a7,Qwen__Qwen2.5-0.5B-Instruct.full.asqp.json.gz,ex_0755,0,PARCIAL,C1
ba0630b4695b,Qwen__Qwen2.5-0.5B-Instruct.full.asqp.json.gz,ex_0376,1,INVALIDA,A1 C1
35c6b2e1317c,Qwen__Qwen2.5-0.5B-Instruct.full.asqp.json.gz,ex_0170,0,PARCIAL,S2
9edba8853127,Qwen__Qwen2.5-0.5B-Instruct.full.asqp.json.gz,ex_0576,0,INVALIDA,A1 S1
96d574a41393,Qwen__Qwen2.5-0.5B-Instruct.full.asqp.json.gz,ex_0576,1,INVALIDA,S1
e6d85fa58d7f,Qwen__Qwen2.5-0.5B-Instruct.full.asqp.json.gz,ex_0475,0,INVALIDA,C1 S1
d023b56b3539,Qwen__Qwen2.5-0.5B-Instruct.full.asqp.json.gz,ex_1546,0,VALIDA,
09ca654d28f1,Qwen__Qwen2.5-0.5B-Instruct.full.asqp.json.gz,ex_1304,0,INVALIDA,O1 S1
219b96ac9bed,Qwen__Qwen2.5-0.5B-Instruct.full.asqp.json.gz,ex_0515,1,INVALIDA,A1 S1
96d7d39e6327,Qwen__Qwen2.5-0.5B-Instruct.full.asqp.json.gz,ex_0515,2,VALIDA,
c780974eca2b,Qwen__Qwen2.5-0.5B-Instruct.full.asqp.json.gz,ex_1310,0,INVALIDA,A1 S1
8f4f56747b29,Qwen__Qwen2.5-0.5B-Instruct.full.asqp.json.gz,ex_1418,0,VALIDA,
09bb0a886048,Qwen__Qwen2.5-0.5B-Instruct.full.asqp.json.gz,ex_1137,0,INVALIDA,A1
5a0b340aa1f1,Qwen__Qwen2.5-0.5B-Instruct.full.asqp.json.gz,ex_0305,1,VALIDA,
b1a57b0a29c4,Qwen__Qwen2.5-0.5B-Instruct.full.asqp.json.gz,ex_0173,0,VALIDA,
60036698f45f,Qwen__Qwen2.5-0.5B-Instruct.full.asqp.json.gz,ex_0291,0,PARCIAL,S2
c4114451444c,Qwen__Qwen2.5-0.5B-Instruct.full.asqp.json.gz,ex_1174,0,INVALIDA,A1
c09eae6d49e2,Qwen__Qwen2.5-0.5B-Instruct.full.asqp.json.gz,ex_0957,0,PARCIAL,S2
656c044d7e34,Qwen__Qwen2.5-0.5B-Instruct.full.asqp.json.gz,ex_0918,0,VALIDA,
3312632c76d8,Qwen__Qwen2.5-0.5B-Instruct.full.asqp.json.gz,ex_0125,0,INVALIDA,A1
a18c9eaddcc9,Qwen__Qwen2.5-0.5B-Instruct.full.asqp.json.gz,ex_1603,0,VALIDA,
5641b2f6fc1d,Qwen__Qwen2.5-0.5B-Instruct.full.asqp.json.gz,ex_1257,0,INVALIDA,S1
97868b74b4a4,Qwen__Qwen2.5-0.5B-Instruct.full.asqp.json.gz,ex_0794,0,INVALIDA,C1 S1
cd6da97fc110,Qwen__Qwen2.5-0.5B-Instruct.full.asqp.json.gz,ex_0794,1,VALIDA,
c52ffd7d882f,Qwen__Qwen2.5-0.5B-Instruct.full.asqp.json.gz,ex_1395,0,VALIDA,
d4d46642f1c5,Qwen__Qwen2.5-0.5B-Instruct.full.asqp.json.gz,ex_0075,0,PARCIAL,S2
d03a10acc756,Qwen__Qwen2.5-0.5B-Instruct.full.asqp.json.gz,ex_0156,1,INVALIDA,A1
4e4a0de632e7,Qwen__Qwen2.5-0.5B-Instruct.full.asqp.json.gz,ex_1002,0,INVALIDA,S1
42dd60155381,Qwen__Qwen2.5-0.5B-Instruct.full.asqp.json.gz,ex_0481,0,VALIDA,
eca74c009408,Qwen__Qwen2.5-0.5B-Instruct.full.asqp.json.gz,ex_0851,0,VALIDA,
e89dedd2e259,Qwen__Qwen2.5-0.5B-Instruct.full.asqp.json.gz,ex_0567,0,PARCIAL,S2
cf22617fbffe,Qwen__Qwen2.5-0.5B-Instruct.full.asqp.json.gz,ex_1870,0,INVALIDA,A1
9e40d416beb8,Qwen__Qwen2.5-0.5B-Instruct.full.asqp.json.gz,ex_1870,1,INVALIDA,A1 S1
bc7ed822f948,Qwen__Qwen2.5-1.5B-Instruct.full.asqp.json.gz,ex_1692,2,VALIDA,
078c8057865d,Qwen__Qwen2.5-1.5B-Instruct.full.asqp.json.gz,ex_1692,3,VALIDA,
09a2f74d8dcb,Qwen__Qwen2.5-1.5B-Instruct.full.asqp.json.gz,ex_1316,1,VALIDA,
651572e21970,Qwen__Qwen2.5-1.5B-Instruct.full.asqp.json.gz,ex_0771,0,PARCIAL,A4
cdbdbda8b7d8,Qwen__Qwen2.5-1.5B-Instruct.full.asqp.json.gz,ex_0801,1,INVALIDA,A3 S1
51cbef37ad0b,Qwen__Qwen2.5-1.5B-Instruct.full.asqp.json.gz,ex_0009,0,INVALIDA,S1
926062ac4dde,Qwen__Qwen2.5-1.5B-Instruct.full.asqp.json.gz,ex_1557,0,VALIDA,
61785936ec80,Qwen__Qwen2.5-1.5B-Instruct.full.asqp.json.gz,ex_0262,1,INVALIDA,A1 S1
7cbefb78286d,Qwen__Qwen2.5-1.5B-Instruct.full.asqp.json.gz,ex_1202,1,INVALIDA,A1 S1
e05f33b55db2,Qwen__Qwen2.5-1.5B-Instruct.full.asqp.json.gz,ex_1756,2,VALIDA,
88a28ca39f6f,Qwen__Qwen2.5-1.5B-Instruct.full.asqp.json.gz,ex_0478,0,VALIDA,
e39b92af7d86,Qwen__Qwen2.5-1.5B-Instruct.full.asqp.json.gz,ex_1491,0,PARCIAL,C1
f368c8b62244,Qwen__Qwen2.5-1.5B-Instruct.full.asqp.json.gz,ex_1772,8,INVALIDA,A1
779f828e4002,Qwen__Qwen2.5-1.5B-Instruct.full.asqp.json.gz,ex_0730,3,PARCIAL,A4 P1 S2
f2b815bfde29,Qwen__Qwen2.5-1.5B-Instruct.full.asqp.json.gz,ex_0228,0,INVALIDA,O1
578771de0e0b,Qwen__Qwen2.5-1.5B-Instruct.full.asqp.json.gz,ex_1497,0,INVALIDA,A1 S1
5997ef3bd7b0,Qwen__Qwen2.5-1.5B-Instruct.full.asqp.json.gz,ex_1379,0,VALIDA,
3540ccea8596,Qwen__Qwen2.5-1.5B-Instruct.full.asqp.json.gz,ex_0045,2,INVALIDA,A1
356cb0efebc2,Qwen__Qwen2.5-1.5B-Instruct.full.asqp.json.gz,ex_0538,5,INVALIDA,A1 S1
4f0967dba658,Qwen__Qwen2.5-1.5B-Instruct.full.asqp.json.gz,ex_1748,1,INVALIDA,S1
0c84ea609360,Qwen__Qwen2.5-1.5B-Instruct.full.asqp.json.gz,ex_1061,3,VALIDA,
a7933bcd34c8,Qwen__Qwen2.5-1.5B-Instruct.full.asqp.json.gz,ex_0533,3,INVALIDA,A1 S1
e143ba36fb38,Qwen__Qwen2.5-1.5B-Instruct.full.asqp.json.gz,ex_1196,0,INVALIDA,O1 S1
0dadca9aca83,Qwen__Qwen2.5-1.5B-Instruct.full.asqp.json.gz,ex_1207,7,PARCIAL,C1 P1
c70f499bd869,Qwen__Qwen2.5-1.5B-Instruct.full.asqp.json.gz,ex_0827,5,INVALIDA,A1 S1
9bbec1d8bd78,Qwen__Qwen2.5-1.5B-Instruct.full.asqp.json.gz,ex_0496,2,VALIDA,
63a679b87637,Qwen__Qwen2.5-1.5B-Instruct.full.asqp.json.gz,ex_0916,1,INVALIDA,A1 O1 S1
03fc7a5b6fc2,Qwen__Qwen2.5-1.5B-Instruct.full.asqp.json.gz,ex_0448,0,INVALIDA,A3
181d2f9af398,Qwen__Qwen2.5-1.5B-Instruct.full.asqp.json.gz,ex_0256,0,VALIDA,
82e6b172c59b,Qwen__Qwen2.5-1.5B-Instruct.full.asqp.json.gz,ex_1558,2,VALIDA,
00cbf100816d,Qwen__Qwen2.5-1.5B-Instruct.full.asqp.json.gz,ex_1716,0,VALIDA,
8d8df3d57bd6,Qwen__Qwen2.5-1.5B-Instruct.full.asqp.json.gz,ex_1479,2,INVALIDA,A3 O1
d3af65dfad25,Qwen__Qwen2.5-1.5B-Instruct.full.asqp.json.gz,ex_1102,1,INVALIDA,A1 S1
a4f2d353cc1f,Qwen__Qwen2.5-1.5B-Instruct.full.asqp.json.gz,ex_1776,1,PARCIAL,P1
230242971947,Qwen__Qwen2.5-1.5B-Instruct.full.asqp.json.gz,ex_1776,2,INVALIDA,A1
b354dcd7003c,Qwen__Qwen2.5-1.5B-Instruct.full.asqp.json.gz,ex_1346,1,INVALIDA,A2 C1 P1
a5e5a709ae2c,Qwen__Qwen2.5-1.5B-Instruct.full.asqp.json.gz,ex_0130,2,PARCIAL,C1
a97b91c53b28,Qwen__Qwen2.5-1.5B-Instruct.full.asqp.json.gz,ex_0950,0,PARCIAL,S3
52876f459026,Qwen__Qwen2.5-1.5B-Instruct.full.asqp.json.gz,ex_0231,3,INVALIDA,A1
7dac065f7309,Qwen__Qwen2.5-1.5B-Instruct.full.asqp.json.gz,ex_1872,3,INVALIDA,S1
a037e1ecfd36,Qwen__Qwen2.5-1.5B-Instruct.full.asqp.json.gz,ex_0721,1,VALIDA,
b0d51fcac40b,Qwen__Qwen2.5-1.5B-Instruct.full.asqp.json.gz,ex_0683,1,VALIDA,
f8c406466015,Qwen__Qwen2.5-1.5B-Instruct.full.asqp.json.gz,ex_0683,2,INVALIDA,P1 S1
c2fb9dbfe30e,Qwen__Qwen2.5-1.5B-Instruct.full.asqp.json.gz,ex_1385,0,INVALIDA,O1
c531d85959da,Qwen__Qwen2.5-1.5B-Instruct.full.asqp.json.gz,ex_0240,0,VALIDA,
052c946974a1,Qwen__Qwen2.5-1.5B-Instruct.full.asqp.json.gz,ex_0678,4,INVALIDA,A1 S1
cc8721baa197,Qwen__Qwen2.5-1.5B-Instruct.full.asqp.json.gz,ex_0340,4,VALIDA,
4f51cce613e8,Qwen__Qwen2.5-1.5B-Instruct.full.asqp.json.gz,ex_1307,0,INVALIDA,A1 C1
ce2f4ca01fee,Qwen__Qwen2.5-1.5B-Instruct.full.asqp.json.gz,ex_0363,0,VALIDA,
3dbc73780bf9,Qwen__Qwen2.5-1.5B-Instruct.full.asqp.json.gz,ex_1670,3,INVALIDA,O1
01ca25c8040c,Qwen__Qwen2.5-1.5B-Instruct.full.asqp.json.gz,ex_0891,1,VALIDA,
bf566dd8a5aa,Qwen__Qwen2.5-1.5B-Instruct.full.asqp.json.gz,ex_0210,2,VALIDA,
c32cef212c62,Qwen__Qwen2.5-1.5B-Instruct.full.asqp.json.gz,ex_0892,1,VALIDA,
87486952d0da,Qwen__Qwen2.5-1.5B-Instruct.full.asqp.json.gz,ex_1769,6,INVALIDA,S1
8bc278fc49ac,Qwen__Qwen2.5-1.5B-Instruct.full.asqp.json.gz,ex_1740,1,INVALIDA,A1 S2
b50e10e17907,Qwen__Qwen2.5-1.5B-Instruct.full.asqp.json.gz,ex_1767,1,PARCIAL,C1
1a4bd6355f88,Qwen__Qwen2.5-1.5B-Instruct.full.asqp.json.gz,ex_0991,0,INVALIDA,S1
136f2c85b01d,Qwen__Qwen2.5-1.5B-Instruct.full.asqp.json.gz,ex_0466,1,VALIDA,
765e2bc83327,Qwen__Qwen2.5-1.5B-Instruct.full.asqp.json.gz,ex_0466,3,PARCIAL,P1
103ed61c74ea,Qwen__Qwen2.5-1.5B-Instruct.full.asqp.json.gz,ex_1297,2,VALIDA,
6d4ae8728f8a,Qwen__Qwen2.5-1.5B-Instruct.full.asqp.json.gz,ex_0133,0,VALIDA,
73fac6bd4aec,Qwen__Qwen2.5-1.5B-Instruct.full.asqp.json.gz,ex_0421,2,VALIDA,
119f9f38d250,Qwen__Qwen2.5-1.5B-Instruct.full.asqp.json.gz,ex_0361,0,INVALIDA,S1
353241bd534c,Qwen__Qwen2.5-1.5B-Instruct.full.asqp.json.gz,ex_0626,1,INVALIDA,A3
db7ea681d651,Qwen__Qwen2.5-1.5B-Instruct.full.asqp.json.gz,ex_1147,1,PARCIAL,A4 C1
b97ce343f1f2,Qwen__Qwen2.5-1.5B-Instruct.full.asqp.json.gz,ex_0836,0,PARCIAL,S2
15451a462ab6,Qwen__Qwen2.5-1.5B-Instruct.full.asqp.json.gz,ex_1556,3,PARCIAL,A4
3d7a1f531d34,Qwen__Qwen2.5-1.5B-Instruct.full.asqp.json.gz,ex_0578,2,INVALIDA,S1
b587c7c03e47,Qwen__Qwen2.5-1.5B-Instruct.full.asqp.json.gz,ex_0501,0,PARCIAL,P1 S2
c0f5958a6a79,Qwen__Qwen2.5-1.5B-Instruct.full.asqp.json.gz,ex_0755,0,INVALIDA,A1 S1
9d10ca3f4ae6,Qwen__Qwen2.5-1.5B-Instruct.full.asqp.json.gz,ex_0118,3,INVALIDA,A1 P1
9baa23a191cc,Qwen__Qwen2.5-1.5B-Instruct.full.asqp.json.gz,ex_1020,2,INVALIDA,C1 S1
1209fe50b015,Qwen__Qwen2.5-1.5B-Instruct.full.asqp.json.gz,ex_0376,0,INVALIDA,A3
c8668352a3e0,Qwen__Qwen2.5-1.5B-Instruct.full.asqp.json.gz,ex_0056,1,INVALIDA,A1
cc07ac8551e8,Qwen__Qwen2.5-1.5B-Instruct.full.asqp.json.gz,ex_0170,0,PARCIAL,A4
b0771012df9b,Qwen__Qwen2.5-1.5B-Instruct.full.asqp.json.gz,ex_1164,0,VALIDA,
a881b928163e,Qwen__Qwen2.5-1.5B-Instruct.full.asqp.json.gz,ex_0598,1,INVALIDA,A1 S1
001ae22e0556,Qwen__Qwen2.5-1.5B-Instruct.full.asqp.json.gz,ex_0447,1,PARCIAL,A4
f8f031bc5f52,Qwen__Qwen2.5-1.5B-Instruct.full.asqp.json.gz,ex_1327,0,PARCIAL,A4
87e449b671a6,Qwen__Qwen2.5-1.5B-Instruct.full.asqp.json.gz,ex_1137,2,INVALIDA,A1
c835af621f18,Qwen__Qwen2.5-1.5B-Instruct.full.asqp.json.gz,ex_1652,1,PARCIAL,P1
92275ecbe350,Qwen__Qwen2.5-1.5B-Instruct.full.asqp.json.gz,ex_1503,0,INVALIDA,A3 S1
b48d4e7d7a4e,Qwen__Qwen2.5-1.5B-Instruct.full.asqp.json.gz,ex_1503,2,PARCIAL,S3
42d9d41dacd8,Qwen__Qwen2.5-1.5B-Instruct.full.asqp.json.gz,ex_1838,0,VALIDA,
0c4b0ede0a3e,Qwen__Qwen2.5-1.5B-Instruct.full.asqp.json.gz,ex_0291,1,PARCIAL,C1
97e82d2dc895,Qwen__Qwen2.5-1.5B-Instruct.full.asqp.json.gz,ex_0291,2,INVALIDA,A1 S3
33e11462665a,Qwen__Qwen2.5-1.5B-Instruct.full.asqp.json.gz,ex_0618,0,INVALIDA,A2
fd91585971b4,Qwen__Qwen2.5-1.5B-Instruct.full.asqp.json.gz,ex_0603,0,VALIDA,
b1f8f338ac90,Qwen__Qwen2.5-1.5B-Instruct.full.asqp.json.gz,ex_1182,0,PARCIAL,S2
d3c645bbe65e,Qwen__Qwen2.5-1.5B-Instruct.full.asqp.json.gz,ex_0901,2,VALIDA,
944608577af7,Qwen__Qwen2.5-1.5B-Instruct.full.asqp.json.gz,ex_0918,0,PARCIAL,C1 S2
ce59503896f8,Qwen__Qwen2.5-1.5B-Instruct.full.asqp.json.gz,ex_1780,3,INVALIDA,S1
6f08c1cf9f0d,Qwen__Qwen2.5-1.5B-Instruct.full.asqp.json.gz,ex_0213,1,INVALIDA,A3
cad5f1341502,Qwen__Qwen2.5-1.5B-Instruct.full.asqp.json.gz,ex_0785,0,INVALIDA,A1 S1
da079f2a9d84,Qwen__Qwen2.5-1.5B-Instruct.full.asqp.json.gz,ex_0794,9,INVALIDA,S1
978b7cb0cbe3,Qwen__Qwen2.5-1.5B-Instruct.full.asqp.json.gz,ex_0075,1,INVALIDA,O1
4e4a0de632e7,Qwen__Qwen2.5-1.5B-Instruct.full.asqp.json.gz,ex_1002,4,INVALIDA,S1
c9b26fa806a6,Qwen__Qwen2.5-1.5B-Instruct.full.asqp.json.gz,ex_0282,1,INVALIDA,A3 O1 S1
ea4530086a1f,Qwen__Qwen2.5-1.5B-Instruct.full.asqp.json.gz,ex_0050,0,VALIDA,
4b6ca242bba4,Qwen__Qwen2.5-1.5B-Instruct.full.asqp.json.gz,ex_0481,3,INVALIDA,S1
8336fd2d2ffe,Qwen__Qwen2.5-3B-Instruct.full.asqp.json.gz,ex_1749,7,INVALIDA,A1
6e8542aaa4b8,Qwen__Qwen2.5-3B-Instruct.full.asqp.json.gz,ex_0663,1,INVALIDA,A1 S1
78bc18d0f418,Qwen__Qwen2.5-3B-Instruct.full.asqp.json.gz,ex_1426,1,VALIDA,
4d1257cf0e3a,Qwen__Qwen2.5-3B-Instruct.full.asqp.json.gz,ex_0366,0,INVALIDA,A2
137cd5da2bd3,Qwen__Qwen2.5-3B-Instruct.full.asqp.json.gz,ex_0781,4,VALIDA,
54e03b77a45a,Qwen__Qwen2.5-3B-Instruct.full.asqp.json.gz,ex_0530,0,VALIDA,
f6fda3621bdb,Qwen__Qwen2.5-3B-Instruct.full.asqp.json.gz,ex_1563,2,INVALIDA,A1
ed10ea33f8c2,Qwen__Qwen2.5-3B-Instruct.full.asqp.json.gz,ex_1329,1,INVALIDA,P1 S1
1f2e2ac25348,Qwen__Qwen2.5-3B-Instruct.full.asqp.json.gz,ex_1464,1,INVALIDA,S1
3c9af7a8d362,Qwen__Qwen2.5-3B-Instruct.full.asqp.json.gz,ex_1464,4,VALIDA,
27185b68627a,Qwen__Qwen2.5-3B-Instruct.full.asqp.json.gz,ex_0478,1,INVALIDA,S1
d09a215985c2,Qwen__Qwen2.5-3B-Instruct.full.asqp.json.gz,ex_1653,4,INVALIDA,O1
f5ebb024e2b1,Qwen__Qwen2.5-3B-Instruct.full.asqp.json.gz,ex_0863,3,VALIDA,
a2e53227c1e1,Qwen__Qwen2.5-3B-Instruct.full.asqp.json.gz,ex_1500,0,INVALIDA,A1 P1
a9783b8bf514,Qwen__Qwen2.5-3B-Instruct.full.asqp.json.gz,ex_1500,4,VALIDA,
16cdaca700b9,Qwen__Qwen2.5-3B-Instruct.full.asqp.json.gz,ex_0406,3,VALIDA,
aacf0d08a8a1,Qwen__Qwen2.5-3B-Instruct.full.asqp.json.gz,ex_0522,0,INVALIDA,S1
5e81c10aa807,Qwen__Qwen2.5-3B-Instruct.full.asqp.json.gz,ex_0730,3,PARCIAL,S2
fc186eff593f,Qwen__Qwen2.5-3B-Instruct.full.asqp.json.gz,ex_0745,3,INVALIDA,S1
a4108dfd6351,Qwen__Qwen2.5-3B-Instruct.full.asqp.json.gz,ex_1187,0,PARCIAL,S2
e6f40ae3d467,Qwen__Qwen2.5-3B-Instruct.full.asqp.json.gz,ex_0078,0,INVALIDA,S1
13c1ceb13ad6,Qwen__Qwen2.5-3B-Instruct.full.asqp.json.gz,ex_1762,1,INVALIDA,A1 P1
e4da15388687,Qwen__Qwen2.5-3B-Instruct.full.asqp.json.gz,ex_1866,3,PARCIAL,P1 S2
961ede89b816,Qwen__Qwen2.5-3B-Instruct.full.asqp.json.gz,ex_1847,0,VALIDA,
4a8c82279fb3,Qwen__Qwen2.5-3B-Instruct.full.asqp.json.gz,ex_0045,0,INVALIDA,A1
627117c62414,Qwen__Qwen2.5-3B-Instruct.full.asqp.json.gz,ex_0119,0,VALIDA,
e9c9232e0f94,Qwen__Qwen2.5-3B-Instruct.full.asqp.json.gz,ex_0331,1,INVALIDA,S1
02e98ffc2ca1,Qwen__Qwen2.5-3B-Instruct.full.asqp.json.gz,ex_0902,0,VALIDA,
37a0791bef10,Qwen__Qwen2.5-3B-Instruct.full.asqp.json.gz,ex_1317,0,INVALIDA,S1
0e72f56a592b,Qwen__Qwen2.5-3B-Instruct.full.asqp.json.gz,ex_1317,3,VALIDA,
24c331ed3077,Qwen__Qwen2.5-3B-Instruct.full.asqp.json.gz,ex_0001,2,PARCIAL,S2
6aa7332ff774,Qwen__Qwen2.5-3B-Instruct.full.asqp.json.gz,ex_0327,0,PARCIAL,C1
52b69c28ca3f,Qwen__Qwen2.5-3B-Instruct.full.asqp.json.gz,ex_0992,1,PARCIAL,S2
3d0cd94f676f,Qwen__Qwen2.5-3B-Instruct.full.asqp.json.gz,ex_1061,6,INVALIDA,A1
2a0fc627bd0b,Qwen__Qwen2.5-3B-Instruct.full.asqp.json.gz,ex_1554,2,INVALIDA,A1 S2
aae48e0e6755,Qwen__Qwen2.5-3B-Instruct.full.asqp.json.gz,ex_0773,5,INVALIDA,A1 P1
aece49527478,Qwen__Qwen2.5-3B-Instruct.full.asqp.json.gz,ex_0773,7,VALIDA,
fa12e35883c0,Qwen__Qwen2.5-3B-Instruct.full.asqp.json.gz,ex_0234,3,INVALIDA,S1
f36ebf2c7f4b,Qwen__Qwen2.5-3B-Instruct.full.asqp.json.gz,ex_1092,1,INVALIDA,A2 S1
f5ebee2d2dbe,Qwen__Qwen2.5-3B-Instruct.full.asqp.json.gz,ex_1835,0,VALIDA,
0621a0023eb6,Qwen__Qwen2.5-3B-Instruct.full.asqp.json.gz,ex_0356,0,VALIDA,
d3e2b0e4b326,Qwen__Qwen2.5-3B-Instruct.full.asqp.json.gz,ex_0356,4,VALIDA,
a8540f08b354,Qwen__Qwen2.5-3B-Instruct.full.asqp.json.gz,ex_1207,4,VALIDA,
88b599f8b3e4,Qwen__Qwen2.5-3B-Instruct.full.asqp.json.gz,ex_0293,0,PARCIAL,A4
d362121cb4c7,Qwen__Qwen2.5-3B-Instruct.full.asqp.json.gz,ex_0958,0,VALIDA,
c4bd11f772f1,Qwen__Qwen2.5-3B-Instruct.full.asqp.json.gz,ex_0448,7,INVALIDA,S1
55c9d4c18d38,Qwen__Qwen2.5-3B-Instruct.full.asqp.json.gz,ex_1361,0,INVALIDA,S1
0ff36b2187e1,Qwen__Qwen2.5-3B-Instruct.full.asqp.json.gz,ex_1361,3,VALIDA,
8ce80d45cd21,Qwen__Qwen2.5-3B-Instruct.full.asqp.json.gz,ex_0903,5,VALIDA,
9af7b694baf9,Qwen__Qwen2.5-3B-Instruct.full.asqp.json.gz,ex_0934,0,VALIDA,
4a9a7b046b88,Qwen__Qwen2.5-3B-Instruct.full.asqp.json.gz,ex_1558,2,INVALIDA,S1
8450e7553ec1,Qwen__Qwen2.5-3B-Instruct.full.asqp.json.gz,ex_1716,0,PARCIAL,A4
ae8538eec97b,Qwen__Qwen2.5-3B-Instruct.full.asqp.json.gz,ex_1532,0,PARCIAL,S2
9ccc96783851,Qwen__Qwen2.5-3B-Instruct.full.asqp.json.gz,ex_0194,3,INVALIDA,A1 S1
2a507df1c7ee,Qwen__Qwen2.5-3B-Instruct.full.asqp.json.gz,ex_1872,2,VALIDA,
ce58d11ac908,Qwen__Qwen2.5-3B-Instruct.full.asqp.json.gz,ex_1872,3,VALIDA,
dd2c2856cc67,Qwen__Qwen2.5-3B-Instruct.full.asqp.json.gz,ex_0273,2,INVALIDA,S1
f30488c3731e,Qwen__Qwen2.5-3B-Instruct.full.asqp.json.gz,ex_1228,0,VALIDA,
0d1da00dac92,Qwen__Qwen2.5-3B-Instruct.full.asqp.json.gz,ex_0310,1,VALIDA,
ed013fa6e954,Qwen__Qwen2.5-3B-Instruct.full.asqp.json.gz,ex_0015,0,PARCIAL,C1 S2
79fc2f6ae1ba,Qwen__Qwen2.5-3B-Instruct.full.asqp.json.gz,ex_0240,0,PARCIAL,C1 S2
cf63a11d6597,Qwen__Qwen2.5-3B-Instruct.full.asqp.json.gz,ex_0363,4,INVALIDA,A1
739dcc9f386b,Qwen__Qwen2.5-3B-Instruct.full.asqp.json.gz,ex_0489,1,INVALIDA,A1 S1
f1fa0c151058,Qwen__Qwen2.5-3B-Instruct.full.asqp.json.gz,ex_1072,2,INVALIDA,A1
7aef8cec0841,Qwen__Qwen2.5-3B-Instruct.full.asqp.json.gz,ex_0468,1,PARCIAL,S2
de37be829618,Qwen__Qwen2.5-3B-Instruct.full.asqp.json.gz,ex_0892,1,PARCIAL,S2
a0728a4d6d33,Qwen__Qwen2.5-3B-Instruct.full.asqp.json.gz,ex_0980,1,VALIDA,
b659d1a1481b,Qwen__Qwen2.5-3B-Instruct.full.asqp.json.gz,ex_0431,0,INVALIDA,S1
c46a76796aab,Qwen__Qwen2.5-3B-Instruct.full.asqp.json.gz,ex_0542,1,INVALIDA,C1 S1
56e408345804,Qwen__Qwen2.5-3B-Instruct.full.asqp.json.gz,ex_1419,0,VALIDA,
aa4f8189d7e2,Qwen__Qwen2.5-3B-Instruct.full.asqp.json.gz,ex_0343,3,VALIDA,
e71ac596927d,Qwen__Qwen2.5-3B-Instruct.full.asqp.json.gz,ex_1777,0,INVALIDA,A1 S2
de3185ccd82b,Qwen__Qwen2.5-3B-Instruct.full.asqp.json.gz,ex_0457,2,VALIDA,
23eafc5a8e69,Qwen__Qwen2.5-3B-Instruct.full.asqp.json.gz,ex_1026,0,INVALIDA,O1
1aa3aa425c3b,Qwen__Qwen2.5-3B-Instruct.full.asqp.json.gz,ex_0614,9,PARCIAL,A4
9680001c70fa,Qwen__Qwen2.5-3B-Instruct.full.asqp.json.gz,ex_0755,3,INVALIDA,A1
8defd39885ff,Qwen__Qwen2.5-3B-Instruct.full.asqp.json.gz,ex_0071,1,INVALIDA,A1
a668db599608,Qwen__Qwen2.5-3B-Instruct.full.asqp.json.gz,ex_1560,0,VALIDA,
326e7082614f,Qwen__Qwen2.5-3B-Instruct.full.asqp.json.gz,ex_0475,5,INVALIDA,A1 S1
d023b56b3539,Qwen__Qwen2.5-3B-Instruct.full.asqp.json.gz,ex_1546,1,VALIDA,
d1ad6b9b74f1,Qwen__Qwen2.5-3B-Instruct.full.asqp.json.gz,ex_1481,8,PARCIAL,A4
cff8eb05c86c,Qwen__Qwen2.5-3B-Instruct.full.asqp.json.gz,ex_1763,3,INVALIDA,A1 S2
0279885e3c2b,Qwen__Qwen2.5-3B-Instruct.full.asqp.json.gz,ex_0168,2,INVALIDA,A1 S1
dfca16eecdb5,Qwen__Qwen2.5-3B-Instruct.full.asqp.json.gz,ex_0642,4,PARCIAL,A4 C1 P1
845eb6ddd63f,Qwen__Qwen2.5-3B-Instruct.full.asqp.json.gz,ex_0899,2,VALIDA,
fa94a71bacd5,Qwen__Qwen2.5-3B-Instruct.full.asqp.json.gz,ex_0187,3,PARCIAL,S2
d8eade0cdb27,Qwen__Qwen2.5-3B-Instruct.full.asqp.json.gz,ex_1137,0,INVALIDA,S1
f2676c4988b4,Qwen__Qwen2.5-3B-Instruct.full.asqp.json.gz,ex_0395,0,VALIDA,
5a0b340aa1f1,Qwen__Qwen2.5-3B-Instruct.full.asqp.json.gz,ex_0305,6,VALIDA,
d208c636ec0e,Qwen__Qwen2.5-3B-Instruct.full.asqp.json.gz,ex_0313,3,VALIDA,
6d52aa4ea0da,Qwen__Qwen2.5-3B-Instruct.full.asqp.json.gz,ex_0535,2,VALIDA,
fc678268fa12,Qwen__Qwen2.5-3B-Instruct.full.asqp.json.gz,ex_0975,2,VALIDA,
3308b830ceff,Qwen__Qwen2.5-3B-Instruct.full.asqp.json.gz,ex_1146,6,INVALIDA,A1 P1 S1
750d236dcbe5,Qwen__Qwen2.5-3B-Instruct.full.asqp.json.gz,ex_1577,2,VALIDA,
26d60f4f0292,Qwen__Qwen2.5-3B-Instruct.full.asqp.json.gz,ex_1257,0,VALIDA,
1d68a9fd62f5,Qwen__Qwen2.5-3B-Instruct.full.asqp.json.gz,ex_0794,1,PARCIAL,S2
ee398737d762,Qwen__Qwen2.5-3B-Instruct.full.asqp.json.gz,ex_1758,1,VALIDA,
3516521f3a0f,Qwen__Qwen2.5-3B-Instruct.full.asqp.json.gz,ex_1395,2,VALIDA,
1650ecfa1141,Qwen__Qwen2.5-3B-Instruct.full.asqp.json.gz,ex_1712,0,VALIDA,
e5c013b6f0ca,Qwen__Qwen2.5-3B-Instruct.full.asqp.json.gz,ex_1134,3,PARCIAL,S2
ea771ed2ca02,Qwen__Qwen2.5-7B-Instruct.full.asqp.json.gz,ex_1024,4,VALIDA,
878617d5ea60,Qwen__Qwen2.5-7B-Instruct.full.asqp.json.gz,ex_0885,3,INVALIDA,A1
0b928c695087,Qwen__Qwen2.5-7B-Instruct.full.asqp.json.gz,ex_0157,2,PARCIAL,A4
7b58ffbebf52,Qwen__Qwen2.5-7B-Instruct.full.asqp.json.gz,ex_0184,3,VALIDA,
0244eeb615e1,Qwen__Qwen2.5-7B-Instruct.full.asqp.json.gz,ex_0494,1,VALIDA,
7c273abd45bb,Qwen__Qwen2.5-7B-Instruct.full.asqp.json.gz,ex_0038,3,INVALIDA,O1 S3
28d5191d9678,Qwen__Qwen2.5-7B-Instruct.full.asqp.json.gz,ex_0009,1,INVALIDA,A2
759639d694cd,Qwen__Qwen2.5-7B-Instruct.full.asqp.json.gz,ex_0738,1,PARCIAL,A4
c8faecbbcee8,Qwen__Qwen2.5-7B-Instruct.full.asqp.json.gz,ex_0478,1,VALIDA,
a0f913b54b21,Qwen__Qwen2.5-7B-Instruct.full.asqp.json.gz,ex_0478,3,PARCIAL,C1
a35f87d6df34,Qwen__Qwen2.5-7B-Instruct.full.asqp.json.gz,ex_0993,0,VALIDA,
4fcb180b0916,Qwen__Qwen2.5-7B-Instruct.full.asqp.json.gz,ex_0993,3,VALIDA,
001526a6198b,Qwen__Qwen2.5-7B-Instruct.full.asqp.json.gz,ex_1491,2,VALIDA,
a3bbbde7f8b2,Qwen__Qwen2.5-7B-Instruct.full.asqp.json.gz,ex_0132,6,VALIDA,
c3b59028664d,Qwen__Qwen2.5-7B-Instruct.full.asqp.json.gz,ex_0730,7,VALIDA,
b786769686ce,Qwen__Qwen2.5-7B-Instruct.full.asqp.json.gz,ex_1106,0,INVALIDA,A1
695960a94113,Qwen__Qwen2.5-7B-Instruct.full.asqp.json.gz,ex_0669,2,PARCIAL,S3
358b36df4628,Qwen__Qwen2.5-7B-Instruct.full.asqp.json.gz,ex_1762,1,VALIDA,
4efcf79b3741,Qwen__Qwen2.5-7B-Instruct.full.asqp.json.gz,ex_1762,3,VALIDA,
c4953b270300,Qwen__Qwen2.5-7B-Instruct.full.asqp.json.gz,ex_0833,1,VALIDA,
fdfa0923abeb,Qwen__Qwen2.5-7B-Instruct.full.asqp.json.gz,ex_0833,4,INVALIDA,A1 S2
c0809bf89c7b,Qwen__Qwen2.5-7B-Instruct.full.asqp.json.gz,ex_0833,11,PARCIAL,S3
aca5044d5ae2,Qwen__Qwen2.5-7B-Instruct.full.asqp.json.gz,ex_0252,1,VALIDA,
42b273e1791e,Qwen__Qwen2.5-7B-Instruct.full.asqp.json.gz,ex_0252,2,PARCIAL,A4
0a058d8010bd,Qwen__Qwen2.5-7B-Instruct.full.asqp.json.gz,ex_0211,2,VALIDA,
c446a37607ae,Qwen__Qwen2.5-7B-Instruct.full.asqp.json.gz,ex_0858,6,INVALIDA,A1
e11608701198,Qwen__Qwen2.5-7B-Instruct.full.asqp.json.gz,ex_0306,0,VALIDA,
742bd443a38a,Qwen__Qwen2.5-7B-Instruct.full.asqp.json.gz,ex_1642,0,PARCIAL,C1
ca262de2c39d,Qwen__Qwen2.5-7B-Instruct.full.asqp.json.gz,ex_1624,0,PARCIAL,S3
35e66b332432,Qwen__Qwen2.5-7B-Instruct.full.asqp.json.gz,ex_0297,1,PARCIAL,A4
34132632d0f4,Qwen__Qwen2.5-7B-Instruct.full.asqp.json.gz,ex_0234,1,VALIDA,
6a4dae81f453,Qwen__Qwen2.5-7B-Instruct.full.asqp.json.gz,ex_0039,1,PARCIAL,P1
164ab3e9cd67,Qwen__Qwen2.5-7B-Instruct.full.asqp.json.gz,ex_0232,10,INVALIDA,S1
424800e8e27d,Qwen__Qwen2.5-7B-Instruct.full.asqp.json.gz,ex_1196,1,PARCIAL,C1
8cf80dad936a,Qwen__Qwen2.5-7B-Instruct.full.asqp.json.gz,ex_1005,2,VALIDA,
ff7ae04327de,Qwen__Qwen2.5-7B-Instruct.full.asqp.json.gz,ex_0958,6,INVALIDA,A1
61773c94f52f,Qwen__Qwen2.5-7B-Instruct.full.asqp.json.gz,ex_0496,2,VALIDA,
52280fe1adc9,Qwen__Qwen2.5-7B-Instruct.full.asqp.json.gz,ex_0864,3,PARCIAL,A4
e4130ae83e4c,Qwen__Qwen2.5-7B-Instruct.full.asqp.json.gz,ex_0700,0,VALIDA,
973799a20f43,Qwen__Qwen2.5-7B-Instruct.full.asqp.json.gz,ex_1361,2,VALIDA,
5b1240f2aa8d,Qwen__Qwen2.5-7B-Instruct.full.asqp.json.gz,ex_0315,3,PARCIAL,A4
8ab3c18fb8d1,Qwen__Qwen2.5-7B-Instruct.full.asqp.json.gz,ex_1770,1,VALIDA,
fa3b643d7534,Qwen__Qwen2.5-7B-Instruct.full.asqp.json.gz,ex_0486,0,VALIDA,
b7958faa9b4b,Qwen__Qwen2.5-7B-Instruct.full.asqp.json.gz,ex_0687,4,VALIDA,
8fe476bb9d48,Qwen__Qwen2.5-7B-Instruct.full.asqp.json.gz,ex_1102,0,VALIDA,
881e28db7d78,Qwen__Qwen2.5-7B-Instruct.full.asqp.json.gz,ex_1133,0,PARCIAL,C1
f0a661f71da2,Qwen__Qwen2.5-7B-Instruct.full.asqp.json.gz,ex_0513,4,PARCIAL,A4 C1
cbb4bc180ffc,Qwen__Qwen2.5-7B-Instruct.full.asqp.json.gz,ex_0758,5,INVALIDA,O1
a1dcb3e03218,Qwen__Qwen2.5-7B-Instruct.full.asqp.json.gz,ex_0809,2,VALIDA,
e8cb07ff46a3,Qwen__Qwen2.5-7B-Instruct.full.asqp.json.gz,ex_0672,2,VALIDA,
3857c277cd5e,Qwen__Qwen2.5-7B-Instruct.full.asqp.json.gz,ex_0112,5,VALIDA,
9d03a15997bc,Qwen__Qwen2.5-7B-Instruct.full.asqp.json.gz,ex_0826,1,PARCIAL,A4
f01c1cc6c888,Qwen__Qwen2.5-7B-Instruct.full.asqp.json.gz,ex_0003,3,VALIDA,
9b72790e3dc5,Qwen__Qwen2.5-7B-Instruct.full.asqp.json.gz,ex_0512,2,VALIDA,
539c4bf6905b,Qwen__Qwen2.5-7B-Instruct.full.asqp.json.gz,ex_1880,0,VALIDA,
89d59dac9921,Qwen__Qwen2.5-7B-Instruct.full.asqp.json.gz,ex_1145,0,INVALIDA,A1
3ed6d3fd4378,Qwen__Qwen2.5-7B-Instruct.full.asqp.json.gz,ex_0818,0,VALIDA,
4fd4d832a6d4,Qwen__Qwen2.5-7B-Instruct.full.asqp.json.gz,ex_0257,0,INVALIDA,A1
89e3b6567624,Qwen__Qwen2.5-7B-Instruct.full.asqp.json.gz,ex_1562,0,VALIDA,
1ad4b6d96c78,Qwen__Qwen2.5-7B-Instruct.full.asqp.json.gz,ex_0726,1,VALIDA,
8db269843079,Qwen__Qwen2.5-7B-Instruct.full.asqp.json.gz,ex_0210,3,VALIDA,
179f5ba8240c,Qwen__Qwen2.5-7B-Instruct.full.asqp.json.gz,ex_0210,5,INVALIDA,S1
d4566f595e95,Qwen__Qwen2.5-7B-Instruct.full.asqp.json.gz,ex_0980,3,VALIDA,
658bd6cba9d6,Qwen__Qwen2.5-7B-Instruct.full.asqp.json.gz,ex_1162,4,VALIDA,
b0bf479eabb3,Qwen__Qwen2.5-7B-Instruct.full.asqp.json.gz,ex_1740,5,VALIDA,
5b463b590fe4,Qwen__Qwen2.5-7B-Instruct.full.asqp.json.gz,ex_1101,0,VALIDA,
b47944000031,Qwen__Qwen2.5-7B-Instruct.full.asqp.json.gz,ex_0343,2,VALIDA,
acd92568a9c2,Qwen__Qwen2.5-7B-Instruct.full.asqp.json.gz,ex_1026,5,INVALIDA,A1
98100fd8d1dd,Qwen__Qwen2.5-7B-Instruct.full.asqp.json.gz,ex_0714,2,PARCIAL,A4
c21a5257c470,Qwen__Qwen2.5-7B-Instruct.full.asqp.json.gz,ex_1254,2,VALIDA,
07cc557e6b77,Qwen__Qwen2.5-7B-Instruct.full.asqp.json.gz,ex_1254,5,INVALIDA,A1
3bdced231f69,Qwen__Qwen2.5-7B-Instruct.full.asqp.json.gz,ex_1489,0,VALIDA,
1d86b56bd068,Qwen__Qwen2.5-7B-Instruct.full.asqp.json.gz,ex_1469,0,PARCIAL,A4
b396191c0458,Qwen__Qwen2.5-7B-Instruct.full.asqp.json.gz,ex_0836,4,VALIDA,
1bf15802f928,Qwen__Qwen2.5-7B-Instruct.full.asqp.json.gz,ex_0806,0,VALIDA,
7132260c949d,Qwen__Qwen2.5-7B-Instruct.full.asqp.json.gz,ex_0767,0,PARCIAL,C1
0fb09a557133,Qwen__Qwen2.5-7B-Instruct.full.asqp.json.gz,ex_0767,1,VALIDA,
f68ea3db27bf,Qwen__Qwen2.5-7B-Instruct.full.asqp.json.gz,ex_0501,7,VALIDA,
24601d247569,Qwen__Qwen2.5-7B-Instruct.full.asqp.json.gz,ex_1425,3,PARCIAL,C1
4d7d374563be,Qwen__Qwen2.5-7B-Instruct.full.asqp.json.gz,ex_0026,3,INVALIDA,A1
8fffa72936b4,Qwen__Qwen2.5-7B-Instruct.full.asqp.json.gz,ex_1589,3,VALIDA,
82d9cbed97b1,Qwen__Qwen2.5-7B-Instruct.full.asqp.json.gz,ex_0376,3,VALIDA,
77a7bbd02b8c,Qwen__Qwen2.5-7B-Instruct.full.asqp.json.gz,ex_0056,2,VALIDA,
b4c49db5b99a,Qwen__Qwen2.5-7B-Instruct.full.asqp.json.gz,ex_0105,1,PARCIAL,S3
e3b7bbbc823b,Qwen__Qwen2.5-7B-Instruct.full.asqp.json.gz,ex_0515,5,INVALIDA,S1
ab1f49eb4985,Qwen__Qwen2.5-7B-Instruct.full.asqp.json.gz,ex_0351,1,INVALIDA,A1
7e38e7218ae6,Qwen__Qwen2.5-7B-Instruct.full.asqp.json.gz,ex_0395,0,INVALIDA,O1
bf417ff853fb,Qwen__Qwen2.5-7B-Instruct.full.asqp.json.gz,ex_1858,0,VALIDA,
e9dffdc52b3e,Qwen__Qwen2.5-7B-Instruct.full.asqp.json.gz,ex_0811,1,VALIDA,
4f973ce3a444,Qwen__Qwen2.5-7B-Instruct.full.asqp.json.gz,ex_0291,2,VALIDA,
63dac5f1a33b,Qwen__Qwen2.5-7B-Instruct.full.asqp.json.gz,ex_1334,0,VALIDA,
6d3f68ac8fca,Qwen__Qwen2.5-7B-Instruct.full.asqp.json.gz,ex_0229,0,VALIDA,
3a12fdf63c05,Qwen__Qwen2.5-7B-Instruct.full.asqp.json.gz,ex_1350,3,INVALIDA,O1
187edebedeec,Qwen__Qwen2.5-7B-Instruct.full.asqp.json.gz,ex_0125,2,PARCIAL,C1
2c667652a28b,Qwen__Qwen2.5-7B-Instruct.full.asqp.json.gz,ex_0140,0,VALIDA,
cb63d54e6f8c,Qwen__Qwen2.5-7B-Instruct.full.asqp.json.gz,ex_0510,4,INVALIDA,S1
5e889d4209f4,Qwen__Qwen2.5-7B-Instruct.full.asqp.json.gz,ex_0050,2,PARCIAL,C1
3ce7510ac7c2,Qwen__Qwen2.5-7B-Instruct.full.asqp.json.gz,ex_1695,0,INVALIDA,A1 P1
e94f2cc1973e,Qwen__Qwen2.5-7B-Instruct.full.asqp.json.gz,ex_1827,0,VALIDA,
182fdb2a0173,Qwen__Qwen2.5-7B-Instruct.full.asqp.json.gz,ex_1134,3,PARCIAL,C1
bc7ed822f948,Qwen__Qwen3.8-27B.full.asqp.json.gz,ex_1692,7,VALIDA,
8e8aac2acd75,Qwen__Qwen3.8-27B.full.asqp.json.gz,ex_0563,6,PARCIAL,C1
eff0dd9aaadc,Qwen__Qwen3.8-27B.full.asqp.json.gz,ex_1749,2,VALIDA,
44ed4fef6778,Qwen__Qwen3.8-27B.full.asqp.json.gz,ex_1749,4,VALIDA,
d8e233fa9cbe,Qwen__Qwen3.8-27B.full.asqp.json.gz,ex_1358,0,VALIDA,
341cefdc94a7,Qwen__Qwen3.8-27B.full.asqp.json.gz,ex_0203,6,INVALIDA,A1 S2
c8f5720ba5ee,Qwen__Qwen3.8-27B.full.asqp.json.gz,ex_0366,5,VALIDA,
5f2fe07489ec,Qwen__Qwen3.8-27B.full.asqp.json.gz,ex_0422,4,VALIDA,
09b5b7a923c4,Qwen__Qwen3.8-27B.full.asqp.json.gz,ex_0205,2,VALIDA,
b7dbd10dbc47,Qwen__Qwen3.8-27B.full.asqp.json.gz,ex_0185,3,VALIDA,
8250570f2c23,Qwen__Qwen3.8-27B.full.asqp.json.gz,ex_0321,7,VALIDA,
abcfc5f5b8b9,Qwen__Qwen3.8-27B.full.asqp.json.gz,ex_0562,0,VALIDA,
7ce80755a574,Qwen__Qwen3.8-27B.full.asqp.json.gz,ex_0132,0,VALIDA,
406f6530a41c,Qwen__Qwen3.8-27B.full.asqp.json.gz,ex_0669,3,VALIDA,
043ee903d6a4,Qwen__Qwen3.8-27B.full.asqp.json.gz,ex_1099,1,VALIDA,
fcdcbfd9254e,Qwen__Qwen3.8-27B.full.asqp.json.gz,ex_0833,8,VALIDA,
b260f2fd2ae1,Qwen__Qwen3.8-27B.full.asqp.json.gz,ex_0655,6,VALIDA,
291871e9411b,Qwen__Qwen3.8-27B.full.asqp.json.gz,ex_1847,6,VALIDA,
1adeccd59092,Qwen__Qwen3.8-27B.full.asqp.json.gz,ex_1847,10,VALIDA,
05005aa8e52d,Qwen__Qwen3.8-27B.full.asqp.json.gz,ex_0876,1,INVALIDA,A1
f4578caf92fa,Qwen__Qwen3.8-27B.full.asqp.json.gz,ex_1168,2,PARCIAL,C1
110a5ca4ebc5,Qwen__Qwen3.8-27B.full.asqp.json.gz,ex_0588,4,VALIDA,
9526e47840b1,Qwen__Qwen3.8-27B.full.asqp.json.gz,ex_0211,9,VALIDA,
8008af93f402,Qwen__Qwen3.8-27B.full.asqp.json.gz,ex_0211,10,VALIDA,
d56795d021f4,Qwen__Qwen3.8-27B.full.asqp.json.gz,ex_1642,2,VALIDA,
bbf0bb5fd52c,Qwen__Qwen3.8-27B.full.asqp.json.gz,ex_0234,2,VALIDA,
a8dce5db346e,Qwen__Qwen3.8-27B.full.asqp.json.gz,ex_1121,5,PARCIAL,A4
e3cf400f6229,Qwen__Qwen3.8-27B.full.asqp.json.gz,ex_0787,0,VALIDA,
10d55e8e14e6,Qwen__Qwen3.8-27B.full.asqp.json.gz,ex_0527,9,VALIDA,
d0c9702f1869,Qwen__Qwen3.8-27B.full.asqp.json.gz,ex_1686,5,VALIDA,
798922f036c1,Qwen__Qwen3.8-27B.full.asqp.json.gz,ex_1005,0,VALIDA,
ccfe3e0eaadf,Qwen__Qwen3.8-27B.full.asqp.json.gz,ex_0864,9,VALIDA,
db6b2c250b21,Qwen__Qwen3.8-27B.full.asqp.json.gz,ex_0474,1,VALIDA,
ba270f3e7504,Qwen__Qwen3.8-27B.full.asqp.json.gz,ex_1361,3,VALIDA,
7baf2c8ab29e,Qwen__Qwen3.8-27B.full.asqp.json.gz,ex_1770,8,VALIDA,
a4209274c9c5,Qwen__Qwen3.8-27B.full.asqp.json.gz,ex_1274,5,VALIDA,
e0ed938d1995,Qwen__Qwen3.8-27B.full.asqp.json.gz,ex_1558,0,VALIDA,
b7958faa9b4b,Qwen__Qwen3.8-27B.full.asqp.json.gz,ex_0687,9,VALIDA,
ec0ea24462b9,Qwen__Qwen3.8-27B.full.asqp.json.gz,ex_1102,7,VALIDA,
57065a155bba,Qwen__Qwen3.8-27B.full.asqp.json.gz,ex_0808,1,VALIDA,
eaa948e375ff,Qwen__Qwen3.8-27B.full.asqp.json.gz,ex_1532,0,INVALIDA,A1
10bcc1c5458b,Qwen__Qwen3.8-27B.full.asqp.json.gz,ex_0231,1,VALIDA,
955e6a13fef8,Qwen__Qwen3.8-27B.full.asqp.json.gz,ex_0553,0,INVALIDA,A3
e0dfaade1755,Qwen__Qwen3.8-27B.full.asqp.json.gz,ex_0553,3,VALIDA,
4493071e28ef,Qwen__Qwen3.8-27B.full.asqp.json.gz,ex_0553,15,INVALIDA,A1
cab60c64ec39,Qwen__Qwen3.8-27B.full.asqp.json.gz,ex_0112,2,VALIDA,
c531d85959da,Qwen__Qwen3.8-27B.full.asqp.json.gz,ex_0240,4,VALIDA,
fc8f7a6f56b4,Qwen__Qwen3.8-27B.full.asqp.json.gz,ex_0174,3,VALIDA,
54dcafe972a5,Qwen__Qwen3.8-27B.full.asqp.json.gz,ex_1131,2,VALIDA,
2c390e0485fa,Qwen__Qwen3.8-27B.full.asqp.json.gz,ex_0427,4,INVALIDA,A3
51439685b62f,Qwen__Qwen3.8-27B.full.asqp.json.gz,ex_1126,3,VALIDA,
a2bc25c63b1e,Qwen__Qwen3.8-27B.full.asqp.json.gz,ex_0852,3,VALIDA,
8d89c7966556,Qwen__Qwen3.8-27B.full.asqp.json.gz,ex_0431,0,INVALIDA,A2
589bbd297e19,Qwen__Qwen3.8-27B.full.asqp.json.gz,ex_0480,4,VALIDA,
cfbdada5e8c0,Qwen__Qwen3.8-27B.full.asqp.json.gz,ex_0970,1,VALIDA,
a079f3abf035,Qwen__Qwen3.8-27B.full.asqp.json.gz,ex_1561,5,INVALIDA,A2
28388eb49169,Qwen__Qwen3.8-27B.full.asqp.json.gz,ex_0942,1,VALIDA,
c581f0177521,Qwen__Qwen3.8-27B.full.asqp.json.gz,ex_0859,3,VALIDA,
4cd99aea5dce,Qwen__Qwen3.8-27B.full.asqp.json.gz,ex_1674,4,VALIDA,
4667bbbf8923,Qwen__Qwen3.8-27B.full.asqp.json.gz,ex_1674,5,VALIDA,
5ea6cc529431,Qwen__Qwen3.8-27B.full.asqp.json.gz,ex_0714,0,VALIDA,
9ff619b4735d,Qwen__Qwen3.8-27B.full.asqp.json.gz,ex_1254,1,VALIDA,
181f5be81a10,Qwen__Qwen3.8-27B.full.asqp.json.gz,ex_1087,2,VALIDA,
988bfdda522e,Qwen__Qwen3.8-27B.full.asqp.json.gz,ex_1322,0,VALIDA,
17d887d7009e,Qwen__Qwen3.8-27B.full.asqp.json.gz,ex_0126,7,VALIDA,
94c12bcf7bca,Qwen__Qwen3.8-27B.full.asqp.json.gz,ex_0520,2,VALIDA,
6cc0a6cbe690,Qwen__Qwen3.8-27B.full.asqp.json.gz,ex_0836,8,VALIDA,
dee56df34426,Qwen__Qwen3.8-27B.full.asqp.json.gz,ex_1556,8,VALIDA,
b7aae899fa6a,Qwen__Qwen3.8-27B.full.asqp.json.gz,ex_0578,9,VALIDA,
a3f0f7a5a7fa,Qwen__Qwen3.8-27B.full.asqp.json.gz,ex_0099,0,VALIDA,
142b6ba7e7ee,Qwen__Qwen3.8-27B.full.asqp.json.gz,ex_0446,4,VALIDA,
5efba03945d1,Qwen__Qwen3.8-27B.full.asqp.json.gz,ex_0755,2,PARCIAL,S3
d3deddd35cbd,Qwen__Qwen3.8-27B.full.asqp.json.gz,ex_1705,7,PARCIAL,A4
4077ff2299fe,Qwen__Qwen3.8-27B.full.asqp.json.gz,ex_1589,0,VALIDA,
0e2de73746cb,Qwen__Qwen3.8-27B.full.asqp.json.gz,ex_0762,2,VALIDA,
6d0edf344d15,Qwen__Qwen3.8-27B.full.asqp.json.gz,ex_0872,7,INVALIDA,A2
d22d80a7705b,Qwen__Qwen3.8-27B.full.asqp.json.gz,ex_0002,1,PARCIAL,A4
e319ad3c9130,Qwen__Qwen3.8-27B.full.asqp.json.gz,ex_1481,8,VALIDA,
8171125fb32b,Qwen__Qwen3.8-27B.full.asqp.json.gz,ex_1067,5,VALIDA,
533b06cc9bae,Qwen__Qwen3.8-27B.full.asqp.json.gz,ex_1696,2,VALIDA,
6697f194f529,Qwen__Qwen3.8-27B.full.asqp.json.gz,ex_1081,2,INVALIDA,S1
9b03b78606e8,Qwen__Qwen3.8-27B.full.asqp.json.gz,ex_0225,4,VALIDA,
a614eec63aca,Qwen__Qwen3.8-27B.full.asqp.json.gz,ex_0812,11,PARCIAL,S3
dcf9a0af8c19,Qwen__Qwen3.8-27B.full.asqp.json.gz,ex_1747,5,VALIDA,
3aa8b90c1e90,Qwen__Qwen3.8-27B.full.asqp.json.gz,ex_1327,6,VALIDA,
f52885c0ab39,Qwen__Qwen3.8-27B.full.asqp.json.gz,ex_0324,0,VALIDA,
3d639b632bbe,Qwen__Qwen3.8-27B.full.asqp.json.gz,ex_1838,5,VALIDA,
96acf21e436f,Qwen__Qwen3.8-27B.full.asqp.json.gz,ex_0216,0,VALIDA,
af6de9b40b2e,Qwen__Qwen3.8-27B.full.asqp.json.gz,ex_0291,10,VALIDA,
9ae6110c5a59,Qwen__Qwen3.8-27B.full.asqp.json.gz,ex_1629,1,VALIDA,
ebfe20ae2a9b,Qwen__Qwen3.8-27B.full.asqp.json.gz,ex_0035,0,VALIDA,
b071f53c3bd2,Qwen__Qwen3.8-27B.full.asqp.json.gz,ex_1877,1,INVALIDA,A2
933de2766f1e,Qwen__Qwen3.8-27B.full.asqp.json.gz,ex_0229,8,VALIDA,
309d9c2fdfbe,Qwen__Qwen3.8-27B.full.asqp.json.gz,ex_1190,1,VALIDA,
8912e536a7eb,Qwen__Qwen3.8-27B.full.asqp.json.gz,ex_0207,3,VALIDA,
f65892ca4763,Qwen__Qwen3.8-27B.full.asqp.json.gz,ex_1780,0,VALIDA,
b9cbdb605fdc,Qwen__Qwen3.8-27B.full.asqp.json.gz,ex_1108,1,VALIDA,
878e623eff85,Qwen__Qwen3.8-27B.full.asqp.json.gz,ex_1647,5,VALIDA,
b675f28deecd,Qwen__Qwen3.8-27B.full.asqp.json.gz,ex_0282,1,VALIDA,
4fd2278d1a96,Qwen__Qwen3.8-27B.full.asqp.json.gz,ex_0481,12,PARCIAL,C1
2b1b3d38ce98,google__gemma-4-31B-it.full.asqp.json.gz,ex_0157,9,VALIDA,
81cd5f4cbaa3,google__gemma-4-31B-it.full.asqp.json.gz,ex_1426,2,PARCIAL,A4
fdfdf00ee64a,google__gemma-4-31B-it.full.asqp.json.gz,ex_0534,8,VALIDA,
f637ee016fed,google__gemma-4-31B-it.full.asqp.json.gz,ex_0184,1,VALIDA,
dfec239f92e1,google__gemma-4-31B-it.full.asqp.json.gz,ex_1795,1,VALIDA,
b39c714255ce,google__gemma-4-31B-it.full.asqp.json.gz,ex_0289,0,VALIDA,
1e4dd68c3f41,google__gemma-4-31B-it.full.asqp.json.gz,ex_1438,10,VALIDA,
d6ccc227d91c,google__gemma-4-31B-it.full.asqp.json.gz,ex_0386,5,PARCIAL,C1
3fe5ffdb7cd8,google__gemma-4-31B-it.full.asqp.json.gz,ex_0386,8,VALIDA,
97f85f5d9e59,google__gemma-4-31B-it.full.asqp.json.gz,ex_1759,6,VALIDA,
df0f7e35b99b,google__gemma-4-31B-it.full.asqp.json.gz,ex_0478,9,VALIDA,
7f2fcade3e05,google__gemma-4-31B-it.full.asqp.json.gz,ex_0185,4,VALIDA,
11197bc6313d,google__gemma-4-31B-it.full.asqp.json.gz,ex_0321,10,VALIDA,
f5ebb024e2b1,google__gemma-4-31B-it.full.asqp.json.gz,ex_0863,6,VALIDA,
307a3bccfb11,google__gemma-4-31B-it.full.asqp.json.gz,ex_1693,5,INVALIDA,A2
21c23051ede6,google__gemma-4-31B-it.full.asqp.json.gz,ex_1491,7,VALIDA,
a9783b8bf514,google__gemma-4-31B-it.full.asqp.json.gz,ex_1500,4,VALIDA,
a33eb3051235,google__gemma-4-31B-it.full.asqp.json.gz,ex_0500,4,VALIDA,
094f5adb5d6a,google__gemma-4-31B-it.full.asqp.json.gz,ex_1422,1,VALIDA,
42c2a16ab182,google__gemma-4-31B-it.full.asqp.json.gz,ex_1099,10,VALIDA,
0adf7b08b895,google__gemma-4-31B-it.full.asqp.json.gz,ex_0450,0,VALIDA,
e3e28eea59bf,google__gemma-4-31B-it.full.asqp.json.gz,ex_1843,3,VALIDA,
7ad82fdc028a,google__gemma-4-31B-it.full.asqp.json.gz,ex_1847,3,PARCIAL,A4
d50d41d87cf3,google__gemma-4-31B-it.full.asqp.json.gz,ex_1847,9,VALIDA,
5e944cc83eef,google__gemma-4-31B-it.full.asqp.json.gz,ex_1847,10,VALIDA,
62f71d4f7eee,google__gemma-4-31B-it.full.asqp.json.gz,ex_0538,0,VALIDA,
7d475a2bd52f,google__gemma-4-31B-it.full.asqp.json.gz,ex_0858,7,VALIDA,
395b65527929,google__gemma-4-31B-it.full.asqp.json.gz,ex_1337,3,VALIDA,
be49d18432f8,google__gemma-4-31B-it.full.asqp.json.gz,ex_1337,8,VALIDA,
5a3336921dab,google__gemma-4-31B-it.full.asqp.json.gz,ex_0306,6,VALIDA,
d48eaa69d3d0,google__gemma-4-31B-it.full.asqp.json.gz,ex_1441,3,VALIDA,
87c6ab32778d,google__gemma-4-31B-it.full.asqp.json.gz,ex_0081,4,INVALIDA,A1
38de5b942f58,google__gemma-4-31B-it.full.asqp.json.gz,ex_0297,5,VALIDA,
15641d5e0c97,google__gemma-4-31B-it.full.asqp.json.gz,ex_0227,7,VALIDA,
8002f5f30dfd,google__gemma-4-31B-it.full.asqp.json.gz,ex_0098,1,VALIDA,
22b2b633d88c,google__gemma-4-31B-it.full.asqp.json.gz,ex_1539,3,VALIDA,
39ffae5f1143,google__gemma-4-31B-it.full.asqp.json.gz,ex_0167,4,PARCIAL,A4
99adffdb8ce3,google__gemma-4-31B-it.full.asqp.json.gz,ex_0378,0,VALIDA,
3acaa1478c7f,google__gemma-4-31B-it.full.asqp.json.gz,ex_0293,8,PARCIAL,A4
c0614bd46fda,google__gemma-4-31B-it.full.asqp.json.gz,ex_1760,3,VALIDA,
922c4405c72f,google__gemma-4-31B-it.full.asqp.json.gz,ex_1615,1,VALIDA,
06967c83d3d9,google__gemma-4-31B-it.full.asqp.json.gz,ex_1770,4,VALIDA,
092c92463a5c,google__gemma-4-31B-it.full.asqp.json.gz,ex_0202,2,VALIDA,
8a9df07db3f8,google__gemma-4-31B-it.full.asqp.json.gz,ex_1716,0,VALIDA,
d6454cdad494,google__gemma-4-31B-it.full.asqp.json.gz,ex_0687,3,VALIDA,
9cf30cca0398,google__gemma-4-31B-it.full.asqp.json.gz,ex_1102,2,VALIDA,
f57930222a91,google__gemma-4-31B-it.full.asqp.json.gz,ex_1574,3,INVALIDA,S1
37786db4393a,google__gemma-4-31B-it.full.asqp.json.gz,ex_1597,0,VALIDA,
9e75fcc194c4,google__gemma-4-31B-it.full.asqp.json.gz,ex_0281,0,INVALIDA,A1
ed0a4e5ef730,google__gemma-4-31B-it.full.asqp.json.gz,ex_0194,2,VALIDA,
9e2075708276,google__gemma-4-31B-it.full.asqp.json.gz,ex_0513,9,VALIDA,
00f6ab049a74,google__gemma-4-31B-it.full.asqp.json.gz,ex_0758,5,VALIDA,
a758cec3fa77,google__gemma-4-31B-it.full.asqp.json.gz,ex_0983,2,VALIDA,
081b6785b136,google__gemma-4-31B-it.full.asqp.json.gz,ex_0672,3,VALIDA,
ebeffe2b2040,google__gemma-4-31B-it.full.asqp.json.gz,ex_0502,0,VALIDA,
11b190ca9213,google__gemma-4-31B-it.full.asqp.json.gz,ex_1711,1,VALIDA,
96c5d117c1af,google__gemma-4-31B-it.full.asqp.json.gz,ex_0174,6,VALIDA,
dafb6d5db124,google__gemma-4-31B-it.full.asqp.json.gz,ex_0852,8,VALIDA,
b91abe805a1d,google__gemma-4-31B-it.full.asqp.json.gz,ex_1755,3,INVALIDA,A2
0b66572cf40b,google__gemma-4-31B-it.full.asqp.json.gz,ex_0891,5,VALIDA,
92eba5545ca2,google__gemma-4-31B-it.full.asqp.json.gz,ex_0131,0,VALIDA,
7f47fbe0881e,google__gemma-4-31B-it.full.asqp.json.gz,ex_1767,2,VALIDA,
5077aaa4e912,google__gemma-4-31B-it.full.asqp.json.gz,ex_1561,2,VALIDA,
e352310835e4,google__gemma-4-31B-it.full.asqp.json.gz,ex_1777,7,VALIDA,
77ea4fd6f4c4,google__gemma-4-31B-it.full.asqp.json.gz,ex_0792,2,VALIDA,
1575e25738b0,google__gemma-4-31B-it.full.asqp.json.gz,ex_1254,5,VALIDA,
afd8c6c6178c,google__gemma-4-31B-it.full.asqp.json.gz,ex_1000,3,VALIDA,
ca3743a8e2d3,google__gemma-4-31B-it.full.asqp.json.gz,ex_1000,6,VALIDA,
a42dfddaea31,google__gemma-4-31B-it.full.asqp.json.gz,ex_0133,0,VALIDA,
a4538f39a18b,google__gemma-4-31B-it.full.asqp.json.gz,ex_0261,3,VALIDA,
b6ab300dc195,google__gemma-4-31B-it.full.asqp.json.gz,ex_1834,6,VALIDA,
48a89c25c239,google__gemma-4-31B-it.full.asqp.json.gz,ex_0755,16,INVALIDA,A1
9be690171655,google__gemma-4-31B-it.full.asqp.json.gz,ex_0071,6,VALIDA,
79c8b67b9a73,google__gemma-4-31B-it.full.asqp.json.gz,ex_0668,12,INVALIDA,A1
0424c65d6f02,google__gemma-4-31B-it.full.asqp.json.gz,ex_0698,4,VALIDA,
7a13501f7663,google__gemma-4-31B-it.full.asqp.json.gz,ex_0461,13,VALIDA,
8defd2e5fc8c,google__gemma-4-31B-it.full.asqp.json.gz,ex_1878,4,VALIDA,
553897ceaea2,google__gemma-4-31B-it.full.asqp.json.gz,ex_0988,2,VALIDA,
4334433aed32,google__gemma-4-31B-it.full.asqp.json.gz,ex_1481,4,VALIDA,
db7280c55962,google__gemma-4-31B-it.full.asqp.json.gz,ex_0225,1,VALIDA,
87086b3a993f,google__gemma-4-31B-it.full.asqp.json.gz,ex_1849,1,VALIDA,
2b99931a0358,google__gemma-4-31B-it.full.asqp.json.gz,ex_0168,2,VALIDA,
e7ff9fb78c59,google__gemma-4-31B-it.full.asqp.json.gz,ex_0966,10,VALIDA,
e98508a15639,google__gemma-4-31B-it.full.asqp.json.gz,ex_0447,7,VALIDA,
bc73ba2fca51,google__gemma-4-31B-it.full.asqp.json.gz,ex_0187,2,VALIDA,
7e1183aede65,google__gemma-4-31B-it.full.asqp.json.gz,ex_0016,2,VALIDA,
bf8c3303a225,google__gemma-4-31B-it.full.asqp.json.gz,ex_0395,2,VALIDA,
ea45203e154b,google__gemma-4-31B-it.full.asqp.json.gz,ex_0890,3,VALIDA,
ff151f7c5bdf,google__gemma-4-31B-it.full.asqp.json.gz,ex_0526,1,VALIDA,
1684ffab36e1,google__gemma-4-31B-it.full.asqp.json.gz,ex_0415,5,VALIDA,
5436afe7c6d1,google__gemma-4-31B-it.full.asqp.json.gz,ex_1191,4,INVALIDA,A2
2a53d01e5716,google__gemma-4-31B-it.full.asqp.json.gz,ex_0125,8,VALIDA,
519795d4e9e3,google__gemma-4-31B-it.full.asqp.json.gz,ex_0290,0,VALIDA,
e82473a24906,google__gemma-4-31B-it.full.asqp.json.gz,ex_1712,2,VALIDA,
6d2e755365a7,google__gemma-4-31B-it.full.asqp.json.gz,ex_1406,1,VALIDA,
3f500d423d12,google__gemma-4-31B-it.full.asqp.json.gz,ex_1715,3,PARCIAL,A4
ccaa02346032,google__gemma-4-31B-it.full.asqp.json.gz,ex_0567,9,PARCIAL,A4
88de56b315c9,google__gemma-4-31B-it.full.asqp.json.gz,ex_1134,6,VALIDA,
6b63b2a9a9a4,google__gemma-4-31B-it.full.asqp.json.gz,ex_0247,5,VALIDA,
ef9a75941a55,google__gemma-4-31B-it.full.asqp.json.gz,ex_1870,8,INVALIDA,A1
d3e5e8e71b93,unsloth__gemma-3-12b-it.full.asqp.json.gz,ex_1692,6,VALIDA,
5435e66a4387,unsloth__gemma-3-12b-it.full.asqp.json.gz,ex_0482,1,INVALIDA,S1
cc3372d989da,unsloth__gemma-3-12b-it.full.asqp.json.gz,ex_0299,14,INVALIDA,A3 P1
cb126a2c9611,unsloth__gemma-3-12b-it.full.asqp.json.gz,ex_1854,6,VALIDA,
c477a489a188,unsloth__gemma-3-12b-it.full.asqp.json.gz,ex_1854,7,INVALIDA,S1
991ad9281d1c,unsloth__gemma-3-12b-it.full.asqp.json.gz,ex_1854,8,INVALIDA,A2
9c3de4fea899,unsloth__gemma-3-12b-it.full.asqp.json.gz,ex_1001,3,VALIDA,
dac55dd825c2,unsloth__gemma-3-12b-it.full.asqp.json.gz,ex_0009,9,INVALIDA,O1
3fe5ffdb7cd8,unsloth__gemma-3-12b-it.full.asqp.json.gz,ex_0386,0,VALIDA,
48fee42133c7,unsloth__gemma-3-12b-it.full.asqp.json.gz,ex_1759,3,PARCIAL,P1
5ccc6c6652d6,unsloth__gemma-3-12b-it.full.asqp.json.gz,ex_0123,4,INVALIDA,S1
8877e6cbb2ab,unsloth__gemma-3-12b-it.full.asqp.json.gz,ex_0478,7,INVALIDA,O1
f2af2fd1187d,unsloth__gemma-3-12b-it.full.asqp.json.gz,ex_0599,4,PARCIAL,C1
22e88f95741a,unsloth__gemma-3-12b-it.full.asqp.json.gz,ex_0993,6,VALIDA,
cbcecd3eca10,unsloth__gemma-3-12b-it.full.asqp.json.gz,ex_1651,5,VALIDA,
1dda5398ac7d,unsloth__gemma-3-12b-it.full.asqp.json.gz,ex_1285,2,VALIDA,
2b9ce92c4dd5,unsloth__gemma-3-12b-it.full.asqp.json.gz,ex_1762,4,INVALIDA,A1
3c9501aadbb6,unsloth__gemma-3-12b-it.full.asqp.json.gz,ex_0833,9,VALIDA,
5439657617ad,unsloth__gemma-3-12b-it.full.asqp.json.gz,ex_0228,1,PARCIAL,A4
22de7b93e285,unsloth__gemma-3-12b-it.full.asqp.json.gz,ex_1379,5,VALIDA,
f5daa4ce0b21,unsloth__gemma-3-12b-it.full.asqp.json.gz,ex_0119,8,VALIDA,
9fa1475b8888,unsloth__gemma-3-12b-it.full.asqp.json.gz,ex_0269,13,VALIDA,
b6c81d0d9fc5,unsloth__gemma-3-12b-it.full.asqp.json.gz,ex_0633,2,PARCIAL,S3
ab44600d1000,unsloth__gemma-3-12b-it.full.asqp.json.gz,ex_0030,5,VALIDA,
4f333413861a,unsloth__gemma-3-12b-it.full.asqp.json.gz,ex_1337,7,VALIDA,
a42817250de6,unsloth__gemma-3-12b-it.full.asqp.json.gz,ex_0327,3,INVALIDA,A1
05c7b381ff37,unsloth__gemma-3-12b-it.full.asqp.json.gz,ex_1624,11,INVALIDA,A1
fd02a1f05c49,unsloth__gemma-3-12b-it.full.asqp.json.gz,ex_1466,6,VALIDA,
05cbfa51843a,unsloth__gemma-3-12b-it.full.asqp.json.gz,ex_1722,1,VALIDA,
355140638e13,unsloth__gemma-3-12b-it.full.asqp.json.gz,ex_1722,7,VALIDA,
0b1d23d1cb9a,unsloth__gemma-3-12b-it.full.asqp.json.gz,ex_0356,8,INVALIDA,A1
00de50f91f8d,unsloth__gemma-3-12b-it.full.asqp.json.gz,ex_0958,7,VALIDA,
b031aa3643b9,unsloth__gemma-3-12b-it.full.asqp.json.gz,ex_1822,0,VALIDA,
89c372f88d18,unsloth__gemma-3-12b-it.full.asqp.json.gz,ex_0704,6,INVALIDA,A1
eefa7f065b48,unsloth__gemma-3-12b-it.full.asqp.json.gz,ex_0320,0,VALIDA,
7b676b1e6ac5,unsloth__gemma-3-12b-it.full.asqp.json.gz,ex_0761,2,VALIDA,
f0b06648a682,unsloth__gemma-3-12b-it.full.asqp.json.gz,ex_0840,4,VALIDA,
4f256bb07d97,unsloth__gemma-3-12b-it.full.asqp.json.gz,ex_1274,11,INVALIDA,A1
9dd6325ed7ca,unsloth__gemma-3-12b-it.full.asqp.json.gz,ex_1706,5,PARCIAL,A4
d37ecd249ed1,unsloth__gemma-3-12b-it.full.asqp.json.gz,ex_0934,2,PARCIAL,C1
ad06b1f5c211,unsloth__gemma-3-12b-it.full.asqp.json.gz,ex_1765,0,VALIDA,
3e5608a36d53,unsloth__gemma-3-12b-it.full.asqp.json.gz,ex_1776,3,VALIDA,
644f4d33fecd,unsloth__gemma-3-12b-it.full.asqp.json.gz,ex_0130,1,VALIDA,
bf8c58161fe7,unsloth__gemma-3-12b-it.full.asqp.json.gz,ex_0513,1,VALIDA,
a794e363e058,unsloth__gemma-3-12b-it.full.asqp.json.gz,ex_0513,4,VALIDA,
3b130a82a082,unsloth__gemma-3-12b-it.full.asqp.json.gz,ex_0335,2,VALIDA,
791a7a827bf9,unsloth__gemma-3-12b-it.full.asqp.json.gz,ex_0983,4,VALIDA,
b40bc973e53f,unsloth__gemma-3-12b-it.full.asqp.json.gz,ex_1711,0,VALIDA,
45bed0069ba7,unsloth__gemma-3-12b-it.full.asqp.json.gz,ex_0230,7,VALIDA,
c891b71fec78,unsloth__gemma-3-12b-it.full.asqp.json.gz,ex_0678,7,VALIDA,
3a7fd38697b7,unsloth__gemma-3-12b-it.full.asqp.json.gz,ex_0340,2,VALIDA,
d6d148a75671,unsloth__gemma-3-12b-it.full.asqp.json.gz,ex_1516,6,INVALIDA,S1
a2411112ac7f,unsloth__gemma-3-12b-it.full.asqp.json.gz,ex_0131,5,VALIDA,
eb6598aca2e9,unsloth__gemma-3-12b-it.full.asqp.json.gz,ex_0131,6,VALIDA,
27cc4f01056d,unsloth__gemma-3-12b-it.full.asqp.json.gz,ex_0440,10,VALIDA,
388df0137897,unsloth__gemma-3-12b-it.full.asqp.json.gz,ex_0432,4,VALIDA,
b3ace7045556,unsloth__gemma-3-12b-it.full.asqp.json.gz,ex_0418,5,VALIDA,
98e8ea64012a,unsloth__gemma-3-12b-it.full.asqp.json.gz,ex_0255,15,VALIDA,
ead3db126cd7,unsloth__gemma-3-12b-it.full.asqp.json.gz,ex_0431,3,INVALIDA,S1
1d6267b888dc,unsloth__gemma-3-12b-it.full.asqp.json.gz,ex_0970,4,PARCIAL,S2
b6a34d9ea2f0,unsloth__gemma-3-12b-it.full.asqp.json.gz,ex_1775,7,VALIDA,
45f091fb0fd4,unsloth__gemma-3-12b-it.full.asqp.json.gz,ex_1646,0,INVALIDA,A1
eb57eb43b4db,unsloth__gemma-3-12b-it.full.asqp.json.gz,ex_0394,0,VALIDA,
59d71496ef38,unsloth__gemma-3-12b-it.full.asqp.json.gz,ex_1876,2,INVALIDA,S1
91c22b320767,unsloth__gemma-3-12b-it.full.asqp.json.gz,ex_1000,0,VALIDA,
4e967df35110,unsloth__gemma-3-12b-it.full.asqp.json.gz,ex_0361,4,VALIDA,
1c285edb9223,unsloth__gemma-3-12b-it.full.asqp.json.gz,ex_1537,9,VALIDA,
3669687218d4,unsloth__gemma-3-12b-it.full.asqp.json.gz,ex_0261,7,VALIDA,
70b8144a3351,unsloth__gemma-3-12b-it.full.asqp.json.gz,ex_1834,8,VALIDA,
8d2fcedbb3d2,unsloth__gemma-3-12b-it.full.asqp.json.gz,ex_1020,1,VALIDA,
b86e40609ec5,unsloth__gemma-3-12b-it.full.asqp.json.gz,ex_1140,4,INVALIDA,S1
b5a8c423714c,unsloth__gemma-3-12b-it.full.asqp.json.gz,ex_0170,4,VALIDA,
6e1be1b7bef4,unsloth__gemma-3-12b-it.full.asqp.json.gz,ex_1360,5,VALIDA,
c1071b3eef94,unsloth__gemma-3-12b-it.full.asqp.json.gz,ex_1115,3,VALIDA,
69877073cc5c,unsloth__gemma-3-12b-it.full.asqp.json.gz,ex_0002,3,INVALIDA,A1 O1
2162ee25ee06,unsloth__gemma-3-12b-it.full.asqp.json.gz,ex_1524,6,VALIDA,
3d47e867ce1f,unsloth__gemma-3-12b-it.full.asqp.json.gz,ex_1084,10,PARCIAL,S2
ce9eb4ad6154,unsloth__gemma-3-12b-it.full.asqp.json.gz,ex_0791,0,PARCIAL,A4
8fe23aa3900b,unsloth__gemma-3-12b-it.full.asqp.json.gz,ex_0181,2,INVALIDA,A1
647eada3e25a,unsloth__gemma-3-12b-it.full.asqp.json.gz,ex_0662,0,VALIDA,
6b437748ca11,unsloth__gemma-3-12b-it.full.asqp.json.gz,ex_1696,6,INVALIDA,A3
e44a8e8cab32,unsloth__gemma-3-12b-it.full.asqp.json.gz,ex_1763,6,VALIDA,
f2d1cbe43495,unsloth__gemma-3-12b-it.full.asqp.json.gz,ex_0365,2,INVALIDA,S1
8c7b852d8896,unsloth__gemma-3-12b-it.full.asqp.json.gz,ex_0783,1,PARCIAL,A4 C1
e8c6bf0836ea,unsloth__gemma-3-12b-it.full.asqp.json.gz,ex_0693,0,VALIDA,
5d693ba55e05,unsloth__gemma-3-12b-it.full.asqp.json.gz,ex_0447,3,VALIDA,
d2b7e7855c0e,unsloth__gemma-3-12b-it.full.asqp.json.gz,ex_1484,3,VALIDA,
2e045b45a94f,unsloth__gemma-3-12b-it.full.asqp.json.gz,ex_0016,9,VALIDA,
31bbe9ea511e,unsloth__gemma-3-12b-it.full.asqp.json.gz,ex_1413,5,VALIDA,
59da3ba56310,unsloth__gemma-3-12b-it.full.asqp.json.gz,ex_1288,8,VALIDA,
3e8d0ace6042,unsloth__gemma-3-12b-it.full.asqp.json.gz,ex_0173,7,PARCIAL,A4
e2eaf1face64,unsloth__gemma-3-12b-it.full.asqp.json.gz,ex_0176,0,VALIDA,
bae149a692c8,unsloth__gemma-3-12b-it.full.asqp.json.gz,ex_1182,0,PARCIAL,S2
27bcbbe4cadc,unsloth__gemma-3-12b-it.full.asqp.json.gz,ex_1350,3,VALIDA,
b9cbdb605fdc,unsloth__gemma-3-12b-it.full.asqp.json.gz,ex_1108,1,VALIDA,
41f50d909963,unsloth__gemma-3-12b-it.full.asqp.json.gz,ex_1577,8,INVALIDA,A3 P1
7ba7f40900f8,unsloth__gemma-3-12b-it.full.asqp.json.gz,ex_1395,4,VALIDA,
d99ffc9a5a1f,unsloth__gemma-3-12b-it.full.asqp.json.gz,ex_0401,8,VALIDA,
5fc105024e52,unsloth__gemma-3-12b-it.full.asqp.json.gz,ex_0401,12,VALIDA,
a66c9a7f1beb,unsloth__gemma-3-12b-it.full.asqp.json.gz,ex_0779,1,VALIDA,
a0295685c2eb,unsloth__gemma-3-4b-it.full.asqp.json.gz,ex_1416,0,INVALIDA,A1
b5637ed48323,unsloth__gemma-3-4b-it.full.asqp.json.gz,ex_0047,2,PARCIAL,A4
8f07720af652,unsloth__gemma-3-4b-it.full.asqp.json.gz,ex_1778,0,VALIDA,
c8f5720ba5ee,unsloth__gemma-3-4b-it.full.asqp.json.gz,ex_0366,2,VALIDA,
8d574f1c83d1,unsloth__gemma-3-4b-it.full.asqp.json.gz,ex_0781,0,INVALIDA,A1
63e387f588e5,unsloth__gemma-3-4b-it.full.asqp.json.gz,ex_0289,0,PARCIAL,P1 S2
b04c1a4199a3,unsloth__gemma-3-4b-it.full.asqp.json.gz,ex_1438,3,PARCIAL,C1
e37563f04a41,unsloth__gemma-3-4b-it.full.asqp.json.gz,ex_0298,1,PARCIAL,A4
210cc0b82ae1,unsloth__gemma-3-4b-it.full.asqp.json.gz,ex_0801,2,PARCIAL,S2
923b0e9bc352,unsloth__gemma-3-4b-it.full.asqp.json.gz,ex_0801,3,VALIDA,
4a1f854a7b63,unsloth__gemma-3-4b-it.full.asqp.json.gz,ex_1557,1,VALIDA,
168d516b0b61,unsloth__gemma-3-4b-it.full.asqp.json.gz,ex_1329,0,INVALIDA,A1
987686c708e1,unsloth__gemma-3-4b-it.full.asqp.json.gz,ex_0969,0,VALIDA,
64f6b70f3f80,unsloth__gemma-3-4b-it.full.asqp.json.gz,ex_1464,4,INVALIDA,O1
632d0d0655e1,unsloth__gemma-3-4b-it.full.asqp.json.gz,ex_1464,5,PARCIAL,C1
e6edf1082bba,unsloth__gemma-3-4b-it.full.asqp.json.gz,ex_0321,2,VALIDA,
d5fcffc2f6c8,unsloth__gemma-3-4b-it.full.asqp.json.gz,ex_0863,0,VALIDA,
8d9c889db4c9,unsloth__gemma-3-4b-it.full.asqp.json.gz,ex_1500,2,PARCIAL,P1
b10988bd8db7,unsloth__gemma-3-4b-it.full.asqp.json.gz,ex_1500,6,INVALIDA,A1
043ee903d6a4,unsloth__gemma-3-4b-it.full.asqp.json.gz,ex_1099,1,VALIDA,
0adf7b08b895,unsloth__gemma-3-4b-it.full.asqp.json.gz,ex_0450,0,VALIDA,
674a534eba8f,unsloth__gemma-3-4b-it.full.asqp.json.gz,ex_0450,1,VALIDA,
30bbca1f0c2c,unsloth__gemma-3-4b-it.full.asqp.json.gz,ex_0833,0,INVALIDA,O1
e839adbe075c,unsloth__gemma-3-4b-it.full.asqp.json.gz,ex_1168,5,INVALIDA,A1
637f8744bcb1,unsloth__gemma-3-4b-it.full.asqp.json.gz,ex_1317,0,VALIDA,
e8b8481dd225,unsloth__gemma-3-4b-it.full.asqp.json.gz,ex_1748,0,VALIDA,
e39880122ff9,unsloth__gemma-3-4b-it.full.asqp.json.gz,ex_0327,3,INVALIDA,A1
6cdc1021753b,unsloth__gemma-3-4b-it.full.asqp.json.gz,ex_1441,1,INVALIDA,A1
3dc2ba75b60b,unsloth__gemma-3-4b-it.full.asqp.json.gz,ex_1441,5,INVALIDA,A1
f8a9b5d4bff3,unsloth__gemma-3-4b-it.full.asqp.json.gz,ex_0084,1,VALIDA,
4f4d4407c5da,unsloth__gemma-3-4b-it.full.asqp.json.gz,ex_0084,2,INVALIDA,S1
63fc3c40f165,unsloth__gemma-3-4b-it.full.asqp.json.gz,ex_0234,4,INVALIDA,S1
ffb24d2cb8d0,unsloth__gemma-3-4b-it.full.asqp.json.gz,ex_0441,0,VALIDA,
95ab4c11f21e,unsloth__gemma-3-4b-it.full.asqp.json.gz,ex_0064,1,INVALIDA,A1
1b2e2ddab786,unsloth__gemma-3-4b-it.full.asqp.json.gz,ex_1271,0,INVALIDA,A1
aac7a53d8713,unsloth__gemma-3-4b-it.full.asqp.json.gz,ex_0167,2,INVALIDA,O1
452cbcf4901e,unsloth__gemma-3-4b-it.full.asqp.json.gz,ex_0787,0,VALIDA,
c65641c2b163,unsloth__gemma-3-4b-it.full.asqp.json.gz,ex_0039,1,INVALIDA,S1
b7c57a78f72b,unsloth__gemma-3-4b-it.full.asqp.json.gz,ex_1594,0,VALIDA,
10362ae0e286,unsloth__gemma-3-4b-it.full.asqp.json.gz,ex_1207,0,INVALIDA,A1
3882df53ffc9,unsloth__gemma-3-4b-it.full.asqp.json.gz,ex_1207,4,PARCIAL,C1
97fe178dfe0c,unsloth__gemma-3-4b-it.full.asqp.json.gz,ex_1318,0,INVALIDA,A1
c284bd2c2949,unsloth__gemma-3-4b-it.full.asqp.json.gz,ex_0864,2,INVALIDA,A1 S1
9f441e4c64fa,unsloth__gemma-3-4b-it.full.asqp.json.gz,ex_1361,5,INVALIDA,A1 S1
72764dd5de46,unsloth__gemma-3-4b-it.full.asqp.json.gz,ex_1770,1,PARCIAL,A4
b3ff7c492500,unsloth__gemma-3-4b-it.full.asqp.json.gz,ex_1510,0,VALIDA,
181d2f9af398,unsloth__gemma-3-4b-it.full.asqp.json.gz,ex_0256,0,VALIDA,
8db6dbf064bb,unsloth__gemma-3-4b-it.full.asqp.json.gz,ex_0130,1,VALIDA,
248e6aa0c6c2,unsloth__gemma-3-4b-it.full.asqp.json.gz,ex_0130,3,PARCIAL,C1
347619f6eccd,unsloth__gemma-3-4b-it.full.asqp.json.gz,ex_1628,1,PARCIAL,C1
a7e3fcc9f15c,unsloth__gemma-3-4b-it.full.asqp.json.gz,ex_1286,0,PARCIAL,A4
9894a8b073d2,unsloth__gemma-3-4b-it.full.asqp.json.gz,ex_1872,0,VALIDA,
8473ffc297e4,unsloth__gemma-3-4b-it.full.asqp.json.gz,ex_0644,0,VALIDA,
e81f5c678ebb,unsloth__gemma-3-4b-it.full.asqp.json.gz,ex_1324,0,PARCIAL,A4
4395dedf2a76,unsloth__gemma-3-4b-it.full.asqp.json.gz,ex_1411,4,VALIDA,
9cdfa93db97e,unsloth__gemma-3-4b-it.full.asqp.json.gz,ex_0049,0,VALIDA,
3701d4e3ff50,unsloth__gemma-3-4b-it.full.asqp.json.gz,ex_1072,0,INVALIDA,A1
070d756c1073,unsloth__gemma-3-4b-it.full.asqp.json.gz,ex_0432,4,VALIDA,
09a388bbf756,unsloth__gemma-3-4b-it.full.asqp.json.gz,ex_0892,1,INVALIDA,S1
918995882cac,unsloth__gemma-3-4b-it.full.asqp.json.gz,ex_0892,3,PARCIAL,A4 S2
4db3516e0da6,unsloth__gemma-3-4b-it.full.asqp.json.gz,ex_0186,6,INVALIDA,A3 S2
ed08f53c1f01,unsloth__gemma-3-4b-it.full.asqp.json.gz,ex_0186,7,INVALIDA,O1
43fdc3ae0230,unsloth__gemma-3-4b-it.full.asqp.json.gz,ex_0431,2,VALIDA,
77a4b56e4c37,unsloth__gemma-3-4b-it.full.asqp.json.gz,ex_1059,2,VALIDA,
b2cd2e921338,unsloth__gemma-3-4b-it.full.asqp.json.gz,ex_0542,0,VALIDA,
56bc7c5f2905,unsloth__gemma-3-4b-it.full.asqp.json.gz,ex_1842,1,PARCIAL,S2
db1093a6e48d,unsloth__gemma-3-4b-it.full.asqp.json.gz,ex_0656,0,PARCIAL,S3
1b5c18244c10,unsloth__gemma-3-4b-it.full.asqp.json.gz,ex_0751,2,VALIDA,
38b2d8427762,unsloth__gemma-3-4b-it.full.asqp.json.gz,ex_0343,1,PARCIAL,C1
c8e2296e8026,unsloth__gemma-3-4b-it.full.asqp.json.gz,ex_0343,3,INVALIDA,S1
83a69f6063d2,unsloth__gemma-3-4b-it.full.asqp.json.gz,ex_1789,0,INVALIDA,S1
4158d4fc977c,unsloth__gemma-3-4b-it.full.asqp.json.gz,ex_1806,0,PARCIAL,A4
57125e81e02e,unsloth__gemma-3-4b-it.full.asqp.json.gz,ex_1000,0,VALIDA,
9dac5fcc269b,unsloth__gemma-3-4b-it.full.asqp.json.gz,ex_0133,1,PARCIAL,C1
7232bfe7546c,unsloth__gemma-3-4b-it.full.asqp.json.gz,ex_0361,1,INVALIDA,A1
775eb72cc870,unsloth__gemma-3-4b-it.full.asqp.json.gz,ex_1871,1,INVALIDA,A1
ac5b47b3cd8b,unsloth__gemma-3-4b-it.full.asqp.json.gz,ex_1322,6,VALIDA,
d608ae2c9dc3,unsloth__gemma-3-4b-it.full.asqp.json.gz,ex_1338,2,VALIDA,
9351bd22ab80,unsloth__gemma-3-4b-it.full.asqp.json.gz,ex_1589,2,INVALIDA,A1
970f1e130357,unsloth__gemma-3-4b-it.full.asqp.json.gz,ex_0576,1,PARCIAL,S2
cc57488951cf,unsloth__gemma-3-4b-it.full.asqp.json.gz,ex_0238,0,VALIDA,
71c3784d3eda,unsloth__gemma-3-4b-it.full.asqp.json.gz,ex_0919,2,INVALIDA,S1
0e3c9903fc61,unsloth__gemma-3-4b-it.full.asqp.json.gz,ex_0812,3,INVALIDA,A1 S1
795b9d5d322f,unsloth__gemma-3-4b-it.full.asqp.json.gz,ex_1844,0,INVALIDA,A1 S1
4a82e6307ce1,unsloth__gemma-3-4b-it.full.asqp.json.gz,ex_1518,1,INVALIDA,A1 S1
3ec761482a3a,unsloth__gemma-3-4b-it.full.asqp.json.gz,ex_1484,3,PARCIAL,S2
823a9a4e47f2,unsloth__gemma-3-4b-it.full.asqp.json.gz,ex_0089,1,PARCIAL,C1
c909e260309e,unsloth__gemma-3-4b-it.full.asqp.json.gz,ex_1690,0,INVALIDA,A1 S1
0e404a7d85d2,unsloth__gemma-3-4b-it.full.asqp.json.gz,ex_1157,3,VALIDA,
fb1f10115ef8,unsloth__gemma-3-4b-it.full.asqp.json.gz,ex_0313,1,VALIDA,
bf417ff853fb,unsloth__gemma-3-4b-it.full.asqp.json.gz,ex_1858,0,VALIDA,
cadcef9f803e,unsloth__gemma-3-4b-it.full.asqp.json.gz,ex_0811,1,VALIDA,
ee7ec3b551bf,unsloth__gemma-3-4b-it.full.asqp.json.gz,ex_0384,1,PARCIAL,A4
c42f027fca91,unsloth__gemma-3-4b-it.full.asqp.json.gz,ex_0957,0,VALIDA,
cd6cfa576c1b,unsloth__gemma-3-4b-it.full.asqp.json.gz,ex_0597,0,VALIDA,
3a9f9e39397d,unsloth__gemma-3-4b-it.full.asqp.json.gz,ex_0918,0,VALIDA,
657c8096c919,unsloth__gemma-3-4b-it.full.asqp.json.gz,ex_1603,1,INVALIDA,A1 S1
a23c6ccf2ef5,unsloth__gemma-3-4b-it.full.asqp.json.gz,ex_1647,0,INVALIDA,S1
60f3d3034a71,unsloth__gemma-3-4b-it.full.asqp.json.gz,ex_0156,4,INVALIDA,A1 P1 S1
63ae8c814a05,unsloth__gemma-3-4b-it.full.asqp.json.gz,ex_1815,0,PARCIAL,C1
