model,split,config,predicted,identical,similar,different,human_tuples,excluded_unannotated,sampled_similar,sampled_different
Qwen/Qwen2.5-0.5B-Instruct,train,full,130,32,58,40,3436,4,8,6
Qwen/Qwen2.5-0.5B-Instruct,train,no_retry,94,22,39,33,3436,3,0,0
Qwen/Qwen2.5-0.5B-Instruct,train,no_tags,1,1,0,0,3436,0,0,0
Qwen/Qwen2.5-0.5B-Instruct,test,full,86,21,35,30,2313,0,2,4
Qwen/Qwen2.5-0.5B-Instruct,test,no_retry,56,12,28,16,2313,0,0,0
Qwen/Qwen2.5-0.5B-Instruct,test,no_tags,6,6,0,0,2313,0,0,0
Qwen/Qwen2.5-1.5B-Instruct,train,full,1783,250,815,718,3436,39,8,5
Qwen/Qwen2.5-1.5B-Instruct,train,no_retry,667,163,250,254,3436,8,0,0
Qwen/Qwen2.5-1.5B-Instruct,train,no_tags,0,0,0,0,3436,0,0,0
Qwen/Qwen2.5-1.5B-Instruct,test,full,1299,154,632,513,2313,0,2,5
Qwen/Qwen2.5-1.5B-Instruct,test,no_retry,524,114,222,188,2313,0,0,0
Qwen/Qwen2.5-1.5B-Instruct,test,no_tags,0,0,0,0,2313,0,0,0
Qwen/Qwen2.5-3B-Instruct,train,full,2188,565,1077,546,3436,47,8,7
Qwen/Qwen2.5-3B-Instruct,train,no_retry,975,383,367,225,3436,17,0,0
Qwen/Qwen2.5-3B-Instruct,train,no_tags,2,2,0,0,3436,0,0,0
Qwen/Qwen2.5-3B-Instruct,test,full,1568,407,772,389,2313,0,2,3
Qwen/Qwen2.5-3B-Instruct,test,no_retry,717,271,284,162,2313,0,0,0
Qwen/Qwen2.5-3B-Instruct,test,no_tags,5,2,0,3,2313,0,0,0
Qwen/Qwen2.5-7B-Instruct,train,full,2753,540,1394,819,3436,83,5,4
Qwen/Qwen2.5-7B-Instruct,train,no_retry,1445,367,680,398,3436,43,0,0
Qwen/Qwen2.5-7B-Instruct,train,no_tags,9,6,3,0,3436,0,0,0
Qwen/Qwen2.5-7B-Instruct,test,full,2034,392,1086,556,2313,0,5,6
Qwen/Qwen2.5-7B-Instruct,test,no_retry,1132,288,553,291,2313,0,0,0
Qwen/Qwen2.5-7B-Instruct,test,no_tags,14,10,2,2,2313,0,0,0
Qwen/Qwen2.5-32B-Instruct,train,full,5664,1397,2903,1364,3436,168,8,6
Qwen/Qwen2.5-32B-Instruct,train,no_retry,4895,1264,2477,1154,3436,139,0,0
Qwen/Qwen2.5-32B-Instruct,train,no_tags,118,69,26,23,3436,3,0,0
Qwen/Qwen2.5-32B-Instruct,test,full,3973,988,2050,935,2313,0,2,4
Qwen/Qwen2.5-32B-Instruct,test,no_retry,3459,868,1791,800,2313,0,0,0
Qwen/Qwen2.5-32B-Instruct,test,no_tags,88,53,17,18,2313,0,0,0
Qwen/Qwen3.5-27B,train,full,5785,1320,3080,1385,3436,197,4,6
Qwen/Qwen3.5-27B,train,no_retry,5495,1285,2924,1286,3436,175,0,0
Qwen/Qwen3.5-27B,train,no_tags,1219,361,598,260,3436,26,0,0
Qwen/Qwen3.5-27B,test,full,4091,921,2225,945,2313,0,6,4
Qwen/Qwen3.5-27B,test,no_retry,3848,883,2092,873,2313,0,0,0
Qwen/Qwen3.5-27B,test,no_tags,842,264,405,173,2313,0,0,0
Qwen/Qwen3.6-27B,train,full,5193,1160,2764,1269,3436,159,4,5
Qwen/Qwen3.6-27B,train,no_retry,4747,1069,2544,1134,3436,144,0,0
Qwen/Qwen3.6-27B,train,no_tags,1428,383,724,321,3436,23,0,0
Qwen/Qwen3.6-27B,test,full,3718,815,2007,896,2313,0,6,5
Qwen/Qwen3.6-27B,test,no_retry,3434,761,1861,812,2313,0,0,0
Qwen/Qwen3.6-27B,test,no_tags,960,270,503,187,2313,0,0,0
Qwen/Qwen3.8-27B,train,full,5474,1242,2976,1256,3436,167,7,4
Qwen/Qwen3.8-27B,train,no_retry,5030,1154,2726,1150,3436,157,0,0
Qwen/Qwen3.8-27B,train,no_tags,569,177,261,131,3436,9,0,0
Qwen/Qwen3.8-27B,test,full,3925,896,2118,911,2313,0,3,6
Qwen/Qwen3.8-27B,test,no_retry,3574,833,1937,804,2313,0,0,0
Qwen/Qwen3.8-27B,test,no_tags,435,125,207,103,2313,0,0,0
google/gemma-3-27b-it,train,full,6156,1525,2957,1674,3436,203,5,5
google/gemma-3-27b-it,train,no_retry,5459,1391,2621,1447,3436,170,0,0
google/gemma-3-27b-it,train,no_tags,201,103,62,36,3436,5,0,0
google/gemma-3-27b-it,test,full,4344,1051,2118,1175,2313,0,5,5
google/gemma-3-27b-it,test,no_retry,3753,939,1807,1007,2313,0,0,0
google/gemma-3-27b-it,test,no_tags,150,71,47,32,2313,0,0,0
google/gemma-4-31B-it,train,full,6183,1295,3308,1580,3436,187,6,8
google/gemma-4-31B-it,train,no_retry,5987,1264,3199,1524,3436,182,0,0
google/gemma-4-31B-it,train,no_tags,992,243,476,273,3436,20,0,0
google/gemma-4-31B-it,test,full,4372,903,2431,1038,2313,0,4,2
google/gemma-4-31B-it,test,no_retry,4266,895,2364,1007,2313,0,0,0
google/gemma-4-31B-it,test,no_tags,737,197,351,189,2313,0,0,0
unsloth/gemma-3-12b-it,train,full,5840,1311,2754,1775,3436,208,5,3
unsloth/gemma-3-12b-it,train,no_retry,4590,1074,2123,1393,3436,171,0,0
unsloth/gemma-3-12b-it,train,no_tags,125,44,37,44,3436,3,0,0
unsloth/gemma-3-12b-it,test,full,4242,909,2147,1186,2313,0,5,7
unsloth/gemma-3-12b-it,test,no_retry,3311,717,1618,976,2313,0,0,0
unsloth/gemma-3-12b-it,test,no_tags,105,34,38,33,2313,0,0,0
unsloth/gemma-3-4b-it,train,full,1916,475,859,582,3436,81,7,6
unsloth/gemma-3-4b-it,train,no_retry,1297,394,508,395,3436,42,0,0
unsloth/gemma-3-4b-it,train,no_tags,16,0,8,8,3436,1,0,0
unsloth/gemma-3-4b-it,test,full,1490,343,662,485,2313,0,3,4
unsloth/gemma-3-4b-it,test,no_retry,987,273,391,323,2313,0,0,0
unsloth/gemma-3-4b-it,test,no_tags,7,0,1,6,2313,0,0,0
